method,num_threads,items,population,heavy,time (ns)
seq,4,25,5000,false,44311271
seq,4,25,5000,true,114599115
seq,4,25,20000,false,168558628
seq,4,25,20000,true,452210293
seq,4,100,5000,false,135356474
seq,4,100,5000,true,205757353
seq,4,100,20000,false,544703511
seq,4,100,20000,true,855230016
seq,8,25,5000,false,37089631
seq,8,25,5000,true,106295256
seq,8,25,20000,false,160694677
seq,8,25,20000,true,442964031
seq,8,100,5000,false,130985423
seq,8,100,5000,true,200781530
seq,8,100,20000,false,544688189
seq,8,100,20000,true,827918560
seq,16,25,5000,false,37199176
seq,16,25,5000,true,105460452
seq,16,25,20000,false,158212400
seq,16,25,20000,true,442522532
seq,16,100,5000,false,131819722
seq,16,100,5000,true,203081023
seq,16,100,20000,false,539765647
seq,16,100,20000,true,835204982
seq,20,25,5000,false,37051658
seq,20,25,5000,true,104536633
seq,20,25,20000,false,158306155
seq,20,25,20000,true,456416608
seq,20,100,5000,false,133447433
seq,20,100,5000,true,205380532
seq,20,100,20000,false,569261701
seq,20,100,20000,true,864011115
seq,24,25,5000,false,37306036
seq,24,25,5000,true,104919708
seq,24,25,20000,false,159982864
seq,24,25,20000,true,438776972
seq,24,100,5000,false,130855451
seq,24,100,5000,true,206681620
seq,24,100,20000,false,543844251
seq,24,100,20000,true,824468844
seq,28,25,5000,false,36919979
seq,28,25,5000,true,104547554
seq,28,25,20000,false,157093500
seq,28,25,20000,true,435567966
seq,28,100,5000,false,130340996
seq,28,100,5000,true,199822968
seq,28,100,20000,false,537828836
seq,28,100,20000,true,819772046
seq,32,25,5000,false,36887106
seq,32,25,5000,true,103644392
seq,32,25,20000,false,157906289
seq,32,25,20000,true,434597863
seq,32,100,5000,false,130265838
seq,32,100,5000,true,198684715
seq,32,100,20000,false,565791772
seq,32,100,20000,true,831553134
rayon,4,25,5000,false,44435368
rayon,4,25,5000,true,66023547
rayon,4,25,20000,false,151812887
rayon,4,25,20000,true,242140542
rayon,4,100,5000,false,62309008
rayon,4,100,5000,true,85683411
rayon,4,100,20000,false,227163148
rayon,4,100,20000,true,319387583
rayon,8,25,5000,false,120300809
rayon,8,25,5000,true,146364312
rayon,8,25,20000,false,466563460
rayon,8,25,20000,true,545347588
rayon,8,100,5000,false,76139836
rayon,8,100,5000,true,93535589
rayon,8,100,20000,false,192989909
rayon,8,100,20000,true,273827486
rayon,16,25,5000,false,384729860
rayon,16,25,5000,true,399956655
rayon,16,25,20000,false,842729305
rayon,16,25,20000,true,811080410
rayon,16,100,5000,false,385175082
rayon,16,100,5000,true,388444539
rayon,16,100,20000,false,503563109
rayon,16,100,20000,true,310875880
rayon,20,25,5000,false,453294612
rayon,20,25,5000,true,478907381
rayon,20,25,20000,false,950725814
rayon,20,25,20000,true,901506667
rayon,20,100,5000,false,509211010
rayon,20,100,5000,true,522894872
rayon,20,100,20000,false,673123428
rayon,20,100,20000,true,424418385
rayon,24,25,5000,false,544201598
rayon,24,25,5000,true,583101020
rayon,24,25,20000,false,1025304770
rayon,24,25,20000,true,974594995
rayon,24,100,5000,false,618657958
rayon,24,100,5000,true,649529553
rayon,24,100,20000,false,823736555
rayon,24,100,20000,true,787684231
rayon,28,25,5000,false,561301757
rayon,28,25,5000,true,549682709
rayon,28,25,20000,false,1016717726
rayon,28,25,20000,true,988127088
rayon,28,100,5000,false,757288431
rayon,28,100,5000,true,798574692
rayon,28,100,20000,false,1005160046
rayon,28,100,20000,true,1030014363
rayon,32,25,5000,false,531975684
rayon,32,25,5000,true,536129034
rayon,32,25,20000,false,1103410534
rayon,32,25,20000,true,1440527716
rayon,32,100,5000,false,928429201
rayon,32,100,5000,true,975867583
rayon,32,100,20000,false,1167461147
rayon,32,100,20000,true,1208707217
orx-once,4,25,5000,false,92598846
orx-once,4,25,5000,true,119641433
orx-once,4,25,20000,false,392152507
orx-once,4,25,20000,true,492112574
orx-once,4,100,5000,false,109170255
orx-once,4,100,5000,true,133135286
orx-once,4,100,20000,false,400178887
orx-once,4,100,20000,true,511750655
orx-once,8,25,5000,false,111495914
orx-once,8,25,5000,true,135945569
orx-once,8,25,20000,false,450932197
orx-once,8,25,20000,true,531848139
orx-once,8,100,5000,false,111136399
orx-once,8,100,5000,true,129834197
orx-once,8,100,20000,false,379370865
orx-once,8,100,20000,true,451944298
orx-once,16,25,5000,false,156596719
orx-once,16,25,5000,true,177757069
orx-once,16,25,20000,false,669748881
orx-once,16,25,20000,true,731938157
orx-once,16,100,5000,false,152517940
orx-once,16,100,5000,true,162389344
orx-once,16,100,20000,false,364291803
orx-once,16,100,20000,true,413497873
orx-once,20,25,5000,false,181803478
orx-once,20,25,5000,true,224807335
orx-once,20,25,20000,false,726318658
orx-once,20,25,20000,true,841688358
orx-once,20,100,5000,false,182643700
orx-once,20,100,5000,true,188929526
orx-once,20,100,20000,false,384964786
orx-once,20,100,20000,true,414319744
orx-once,24,25,5000,false,207966552
orx-once,24,25,5000,true,247130879
orx-once,24,25,20000,false,750644526
orx-once,24,25,20000,true,840431754
orx-once,24,100,5000,false,214225782
orx-once,24,100,5000,true,213890284
orx-once,24,100,20000,false,422185261
orx-once,24,100,20000,true,449938373
orx-once,28,25,5000,false,240894966
orx-once,28,25,5000,true,278752907
orx-once,28,25,20000,false,788717616
orx-once,28,25,20000,true,902841048
orx-once,28,100,5000,false,235786442
orx-once,28,100,5000,true,236664654
orx-once,28,100,20000,false,459260276
orx-once,28,100,20000,true,483420025
orx-once,32,25,5000,false,251733369
orx-once,32,25,5000,true,289660857
orx-once,32,25,20000,false,799106764
orx-once,32,25,20000,true,870222380
orx-once,32,100,5000,false,249470652
orx-once,32,100,5000,true,256003137
orx-once,32,100,20000,false,486190056
orx-once,32,100,20000,true,510546114
orx-basic,4,25,5000,false,90524813
orx-basic,4,25,5000,true,117187675
orx-basic,4,25,20000,false,375588486
orx-basic,4,25,20000,true,473530372
orx-basic,4,100,5000,false,122713026
orx-basic,4,100,5000,true,147009014
orx-basic,4,100,20000,false,566019193
orx-basic,4,100,20000,true,677622616
orx-basic,8,25,5000,false,78728843
orx-basic,8,25,5000,true,94396040
orx-basic,8,25,20000,false,251124193
orx-basic,8,25,20000,true,314661007
orx-basic,8,100,5000,false,140736769
orx-basic,8,100,5000,true,191361004
orx-basic,8,100,20000,false,573738252
orx-basic,8,100,20000,true,614625966
orx-basic,16,25,5000,false,89790719
orx-basic,16,25,5000,true,113389657
orx-basic,16,25,20000,false,274065720
orx-basic,16,25,20000,true,315985728
orx-basic,16,100,5000,false,186134608
orx-basic,16,100,5000,true,200797129
orx-basic,16,100,20000,false,664914233
orx-basic,16,100,20000,true,680472450
orx-basic,20,25,5000,false,94208324
orx-basic,20,25,5000,true,96792906
orx-basic,20,25,20000,false,249616718
orx-basic,20,25,20000,true,276268827
orx-basic,20,100,5000,false,173553917
orx-basic,20,100,5000,true,191127829
orx-basic,20,100,20000,false,665532233
orx-basic,20,100,20000,true,629817654
orx-basic,24,25,5000,false,84932474
orx-basic,24,25,5000,true,98083497
orx-basic,24,25,20000,false,282480401
orx-basic,24,25,20000,true,296675690
orx-basic,24,100,5000,false,207076154
orx-basic,24,100,5000,true,226741455
orx-basic,24,100,20000,false,747334300
orx-basic,24,100,20000,true,675094332
orx-basic,28,25,5000,false,97495635
orx-basic,28,25,5000,true,97158655
orx-basic,28,25,20000,false,249542606
orx-basic,28,25,20000,true,287578070
orx-basic,28,100,5000,false,191018388
orx-basic,28,100,5000,true,217141160
orx-basic,28,100,20000,false,695364331
orx-basic,28,100,20000,true,701371034
orx-basic,32,25,5000,false,115501960
orx-basic,32,25,5000,true,118728602
orx-basic,32,25,20000,false,307065545
orx-basic,32,25,20000,true,365424150
orx-basic,32,100,5000,false,254459085
orx-basic,32,100,5000,true,244007774
orx-basic,32,100,20000,false,780600048
orx-basic,32,100,20000,true,765212963
orx-rayon,4,25,5000,false,111990158
orx-rayon,4,25,5000,true,141551707
orx-rayon,4,25,20000,false,382541849
orx-rayon,4,25,20000,true,491452094
orx-rayon,4,100,5000,false,159017248
orx-rayon,4,100,5000,true,186199381
orx-rayon,4,100,20000,false,610765374
orx-rayon,4,100,20000,true,696661429
orx-rayon,8,25,5000,false,147047429
orx-rayon,8,25,5000,true,182358932
orx-rayon,8,25,20000,false,571580791
orx-rayon,8,25,20000,true,650978321
orx-rayon,8,100,5000,false,195559677
orx-rayon,8,100,5000,true,213950596
orx-rayon,8,100,20000,false,700117679
orx-rayon,8,100,20000,true,746164109
orx-rayon,16,25,5000,false,207212483
orx-rayon,16,25,5000,true,266390206
orx-rayon,16,25,20000,false,868140266
orx-rayon,16,25,20000,true,899805116
orx-rayon,16,100,5000,false,282587746
orx-rayon,16,100,5000,true,282951991
orx-rayon,16,100,20000,false,802197034
orx-rayon,16,100,20000,true,835143759
orx-rayon,20,25,5000,false,152484329
orx-rayon,20,25,5000,true,175938349
orx-rayon,20,25,20000,false,321535771
orx-rayon,20,25,20000,true,353863490
orx-rayon,20,100,5000,false,259363418
orx-rayon,20,100,5000,true,287013272
orx-rayon,20,100,20000,false,730362230
orx-rayon,20,100,20000,true,722479298
orx-rayon,24,25,5000,false,180578022
orx-rayon,24,25,5000,true,207393923
orx-rayon,24,25,20000,false,351028472
orx-rayon,24,25,20000,true,358610183
orx-rayon,24,100,5000,false,296199682
orx-rayon,24,100,5000,true,309321185
orx-rayon,24,100,20000,false,812875154
orx-rayon,24,100,20000,true,821750082
orx-rayon,28,25,5000,false,192446762
orx-rayon,28,25,5000,true,222741341
orx-rayon,28,25,20000,false,338064958
orx-rayon,28,25,20000,true,386008174
orx-rayon,28,100,5000,false,308376116
orx-rayon,28,100,5000,true,321713474
orx-rayon,28,100,20000,false,867442163
orx-rayon,28,100,20000,true,850029697
orx-rayon,32,25,5000,false,240853782
orx-rayon,32,25,5000,true,274165703
orx-rayon,32,25,20000,false,414369792
orx-rayon,32,25,20000,true,454660616
orx-rayon,32,100,5000,false,333798520
orx-rayon,32,100,5000,true,356787925
orx-rayon,32,100,20000,false,835740248
orx-rayon,32,100,20000,true,875884785
