method,num_threads,bodies,steps,time (ns)
seq,4,1024,10,25305138
seq,4,1024,50,128992039
seq,4,4096,10,452531141
seq,4,4096,50,2314336523
seq,8,1024,10,26777044
seq,8,1024,50,135167300
seq,8,4096,10,471564355
seq,8,4096,50,2344369420
seq,16,1024,10,26817888
seq,16,1024,50,137163347
seq,16,4096,10,485864446
seq,16,4096,50,2361859514
seq,20,1024,10,27072811
seq,20,1024,50,136832631
seq,20,4096,10,476746098
seq,20,4096,50,2373378057
seq,24,1024,10,27041372
seq,24,1024,50,137717887
seq,24,4096,10,478990917
seq,24,4096,50,2435868100
seq,28,1024,10,27678906
seq,28,1024,50,142704296
seq,28,4096,10,487407874
seq,28,4096,50,2472339804
seq,32,1024,10,28590124
seq,32,1024,50,149415317
seq,32,4096,10,515278930
seq,32,4096,50,2495113020
rayon,4,1024,10,10273705
rayon,4,1024,50,49021793
rayon,4,4096,10,171416055
rayon,4,4096,50,847397658
rayon,8,1024,10,7778436
rayon,8,1024,50,37388026
rayon,8,4096,10,123496420
rayon,8,4096,50,584279074
rayon,16,1024,10,19085787
rayon,16,1024,50,70755953
rayon,16,4096,10,127521284
rayon,16,4096,50,585563578
rayon,20,1024,10,28688580
rayon,20,1024,50,146066495
rayon,20,4096,10,127920108
rayon,20,4096,50,541521765
rayon,24,1024,10,34851128
rayon,24,1024,50,208296714
rayon,24,4096,10,124406327
rayon,24,4096,50,533626955
rayon,28,1024,10,43199910
rayon,28,1024,50,264367710
rayon,28,4096,10,128921040
rayon,28,4096,50,535552093
rayon,32,1024,10,50911802
rayon,32,1024,50,307300283
rayon,32,4096,10,145275721
rayon,32,4096,50,570965630
orx-once,4,1024,10,11627733
orx-once,4,1024,50,54124227
orx-once,4,4096,10,182457190
orx-once,4,4096,50,862868256
orx-once,8,1024,10,8362887
orx-once,8,1024,50,42073524
orx-once,8,4096,10,128401620
orx-once,8,4096,50,593878152
orx-once,16,1024,10,11056919
orx-once,16,1024,50,58367221
orx-once,16,4096,10,116004431
orx-once,16,4096,50,535778074
orx-once,20,1024,10,12797556
orx-once,20,1024,50,72547797
orx-once,20,4096,10,119102703
orx-once,20,4096,50,528514965
orx-once,24,1024,10,15816810
orx-once,24,1024,50,89154099
orx-once,24,4096,10,123198778
orx-once,24,4096,50,561067648
orx-once,28,1024,10,19735975
orx-once,28,1024,50,109192936
orx-once,28,4096,10,137231992
orx-once,28,4096,50,576531104
orx-once,32,1024,10,20868174
orx-once,32,1024,50,121447191
orx-once,32,4096,10,134273858
orx-once,32,4096,50,569809888
orx-basic,4,1024,10,10500889
orx-basic,4,1024,50,50280335
orx-basic,4,4096,10,179254360
orx-basic,4,4096,50,855080184
orx-basic,8,1024,10,7391629
orx-basic,8,1024,50,33642250
orx-basic,8,4096,10,125092978
orx-basic,8,4096,50,577608847
orx-basic,16,1024,10,7044922
orx-basic,16,1024,50,31789385
orx-basic,16,4096,10,103323117
orx-basic,16,4096,50,481556434
orx-basic,20,1024,10,7148039
orx-basic,20,1024,50,33162316
orx-basic,20,4096,10,100145849
orx-basic,20,4096,50,466532327
orx-basic,24,1024,10,6993895
orx-basic,24,1024,50,34548532
orx-basic,24,4096,10,96120032
orx-basic,24,4096,50,445850350
orx-basic,28,1024,10,7723660
orx-basic,28,1024,50,36811555
orx-basic,28,4096,10,95472565
orx-basic,28,4096,50,452434745
orx-basic,32,1024,10,7634157
orx-basic,32,1024,50,39687395
orx-basic,32,4096,10,99251824
orx-basic,32,4096,50,447596357
orx-rayon,4,1024,10,11155315
orx-rayon,4,1024,50,54283382
orx-rayon,4,4096,10,179790385
orx-rayon,4,4096,50,920736048
orx-rayon,8,1024,10,9504160
orx-rayon,8,1024,50,42409763
orx-rayon,8,4096,10,136340394
orx-rayon,8,4096,50,605684878
orx-rayon,16,1024,10,10930589
orx-rayon,16,1024,50,61516880
orx-rayon,16,4096,10,123519421
orx-rayon,16,4096,50,534567886
orx-rayon,20,1024,10,11929940
orx-rayon,20,1024,50,72304774
orx-rayon,20,4096,10,123178390
orx-rayon,20,4096,50,516848414
orx-rayon,24,1024,10,13643381
orx-rayon,24,1024,50,78281925
orx-rayon,24,4096,10,107647803
orx-rayon,24,4096,50,485194073
orx-rayon,28,1024,10,15008601
orx-rayon,28,1024,50,91223683
orx-rayon,28,4096,10,112497110
orx-rayon,28,4096,50,497768719
orx-rayon,32,1024,10,17421914
orx-rayon,32,1024,50,104369674
orx-rayon,32,4096,10,112491632
orx-rayon,32,4096,50,498973436
