method,num_threads,items,restarts,steps,time (ns)
seq,4,50,100,1000,4025043
seq,4,50,500,1000,20501295
seq,4,100,100,1000,4984125
seq,4,100,500,1000,24802736
seq,8,50,100,1000,3620148
seq,8,50,500,1000,18573609
seq,8,100,100,1000,4572349
seq,8,100,500,1000,23275806
seq,16,50,100,1000,3632893
seq,16,50,500,1000,18394208
seq,16,100,100,1000,4582939
seq,16,100,500,1000,23088948
seq,20,50,100,1000,3472472
seq,20,50,500,1000,18147455
seq,20,100,100,1000,4563865
seq,20,100,500,1000,23329254
seq,24,50,100,1000,3513119
seq,24,50,500,1000,18419656
seq,24,100,100,1000,4579334
seq,24,100,500,1000,23262536
seq,28,50,100,1000,3496063
seq,28,50,500,1000,18022504
seq,28,100,100,1000,4531141
seq,28,100,500,1000,22676923
seq,32,50,100,1000,3410212
seq,32,50,500,1000,17941553
seq,32,100,100,1000,4498456
seq,32,100,500,1000,22544454
rayon,4,50,100,1000,1171204
rayon,4,50,500,1000,5438862
rayon,4,100,100,1000,1509287
rayon,4,100,500,1000,6869930
rayon,8,50,100,1000,1009148
rayon,8,50,500,1000,3201520
rayon,8,100,100,1000,1097570
rayon,8,100,500,1000,4110030
rayon,16,50,100,1000,1406178
rayon,16,50,500,1000,2868817
rayon,16,100,100,1000,1314351
rayon,16,100,500,1000,3486387
rayon,20,50,100,1000,1755018
rayon,20,50,500,1000,3189848
rayon,20,100,100,1000,1476094
rayon,20,100,500,1000,3483343
rayon,24,50,100,1000,1776868
rayon,24,50,500,1000,3572684
rayon,24,100,100,1000,1943061
rayon,24,100,500,1000,3936939
rayon,28,50,100,1000,2087024
rayon,28,50,500,1000,3934109
rayon,28,100,100,1000,2089803
rayon,28,100,500,1000,4424416
rayon,32,50,100,1000,2214256
rayon,32,50,500,1000,4013054
rayon,32,100,100,1000,2370612
rayon,32,100,500,1000,4782037
orx-once,4,50,100,1000,1196348
orx-once,4,50,500,1000,5514960
orx-once,4,100,100,1000,1470841
orx-once,4,100,500,1000,6916774
orx-once,8,50,100,1000,843794
orx-once,8,50,500,1000,3033826
orx-once,8,100,100,1000,916436
orx-once,8,100,500,1000,3946303
orx-once,16,50,100,1000,944056
orx-once,16,50,500,1000,2292394
orx-once,16,100,100,1000,947451
orx-once,16,100,500,1000,2961063
orx-once,20,50,100,1000,959470
orx-once,20,50,500,1000,2177310
orx-once,20,100,100,1000,1036511
orx-once,20,100,500,1000,2866592
orx-once,24,50,100,1000,1213839
orx-once,24,50,500,1000,2203554
orx-once,24,100,100,1000,1188863
orx-once,24,100,500,1000,2758692
orx-once,28,50,100,1000,1340365
orx-once,28,50,500,1000,2408269
orx-once,28,100,100,1000,1337643
orx-once,28,100,500,1000,2878283
orx-once,32,50,100,1000,1441735
orx-once,32,50,500,1000,2619742
orx-once,32,100,100,1000,1458748
orx-once,32,100,500,1000,3147627
orx-basic,4,50,100,1000,1130618
orx-basic,4,50,500,1000,5015693
orx-basic,4,100,100,1000,1333108
orx-basic,4,100,500,1000,6504921
orx-basic,8,50,100,1000,737336
orx-basic,8,50,500,1000,2797678
orx-basic,8,100,100,1000,785782
orx-basic,8,100,500,1000,3631714
orx-basic,16,50,100,1000,704168
orx-basic,16,50,500,1000,1886640
orx-basic,16,100,100,1000,613292
orx-basic,16,100,500,1000,2578221
orx-basic,20,50,100,1000,679855
orx-basic,20,50,500,1000,1692143
orx-basic,20,100,100,1000,583041
orx-basic,20,100,500,1000,2299072
orx-basic,24,50,100,1000,617847
orx-basic,24,50,500,1000,1556935
orx-basic,24,100,100,1000,584504
orx-basic,24,100,500,1000,2125043
orx-basic,28,50,100,1000,675140
orx-basic,28,50,500,1000,1465220
orx-basic,28,100,100,1000,561975
orx-basic,28,100,500,1000,2117954
orx-basic,32,50,100,1000,625005
orx-basic,32,50,500,1000,1442575
orx-basic,32,100,100,1000,570760
orx-basic,32,100,500,1000,2104969
orx-rayon,4,50,100,1000,1150884
orx-rayon,4,50,500,1000,5248656
orx-rayon,4,100,100,1000,1415829
orx-rayon,4,100,500,1000,6617651
orx-rayon,8,50,100,1000,904118
orx-rayon,8,50,500,1000,2842408
orx-rayon,8,100,100,1000,851891
orx-rayon,8,100,500,1000,3737047
orx-rayon,16,50,100,1000,750525
orx-rayon,16,50,500,1000,2136415
orx-rayon,16,100,100,1000,840849
orx-rayon,16,100,500,1000,2762490
orx-rayon,20,50,100,1000,947439
orx-rayon,20,50,500,1000,2155622
orx-rayon,20,100,100,1000,948352
orx-rayon,20,100,500,1000,2828735
orx-rayon,24,50,100,1000,961994
orx-rayon,24,50,500,1000,2198838
orx-rayon,24,100,100,1000,1149819
orx-rayon,24,100,500,1000,2894993
orx-rayon,28,50,100,1000,1062939
orx-rayon,28,50,500,1000,2146503
orx-rayon,28,100,100,1000,1259655
orx-rayon,28,100,500,1000,2764484
orx-rayon,32,50,100,1000,1281257
orx-rayon,32,50,500,1000,2493128
orx-rayon,32,100,100,1000,1355395
orx-rayon,32,100,500,1000,2823369
