method,num_threads,cities,iterations,time (ns)
seq,4,20,100,1121066
seq,4,20,500,5788495
seq,4,50,100,26651859
seq,4,50,500,132225680
seq,8,20,100,1033623
seq,8,20,500,5290114
seq,8,50,100,24649379
seq,8,50,500,125353498
seq,16,20,100,982802
seq,16,20,500,5096936
seq,16,50,100,23870001
seq,16,50,500,121507311
seq,20,20,100,968295
seq,20,20,500,5127600
seq,20,50,100,23981451
seq,20,50,500,121634088
seq,24,20,100,956274
seq,24,20,500,4972002
seq,24,50,100,23240063
seq,24,50,500,118845171
seq,28,20,100,935259
seq,28,20,500,4982339
seq,28,50,100,23206873
seq,28,50,500,118384084
seq,32,20,100,978569
seq,32,20,500,5092435
seq,32,50,100,23805102
seq,32,50,500,121837994
rayon,4,20,100,468682
rayon,4,20,500,1706429
rayon,4,50,100,7079610
rayon,4,50,500,36253887
rayon,8,20,100,376460
rayon,8,20,500,1041294
rayon,8,50,100,4291423
rayon,8,50,500,21220210
rayon,16,20,100,1119146
rayon,16,20,500,1945394
rayon,16,50,100,3827906
rayon,16,50,500,17334262
rayon,20,20,100,1393841
rayon,20,20,500,2241962
rayon,20,50,100,3768137
rayon,20,50,500,16167619
rayon,24,20,100,1632321
rayon,24,20,500,2640535
rayon,24,50,100,3763824
rayon,24,50,500,15635441
rayon,28,20,100,2088227
rayon,28,20,500,2988502
rayon,28,50,100,3964290
rayon,28,50,500,15496188
rayon,32,20,100,2167301
rayon,32,20,500,3162343
rayon,32,50,100,4068334
rayon,32,50,500,16192067
orx-once,4,20,100,492598
orx-once,4,20,500,1637149
orx-once,4,50,100,7446717
orx-once,4,50,500,36627520
orx-once,8,20,100,349326
orx-once,8,20,500,1034466
orx-once,8,50,100,4041745
orx-once,8,50,500,20730476
orx-once,16,20,100,633060
orx-once,16,20,500,1123827
orx-once,16,50,100,3370037
orx-once,16,50,500,16460893
orx-once,20,20,100,772319
orx-once,20,20,500,1325475
orx-once,20,50,100,3383664
orx-once,20,50,500,16034386
orx-once,24,20,100,842181
orx-once,24,20,500,1392329
orx-once,24,50,100,3140716
orx-once,24,50,500,14750776
orx-once,28,20,100,1049754
orx-once,28,20,500,1561074
orx-once,28,50,100,3165583
orx-once,28,50,500,14408628
orx-once,32,20,100,1164923
orx-once,32,20,500,1787944
orx-once,32,50,100,3386781
orx-once,32,50,500,14593648
orx-basic,4,20,100,330850
orx-basic,4,20,500,1569779
orx-basic,4,50,100,6761118
orx-basic,4,50,500,35083260
orx-basic,8,20,100,324746
orx-basic,8,20,500,971022
orx-basic,8,50,100,4179016
orx-basic,8,50,500,22035721
orx-basic,16,20,100,258572
orx-basic,16,20,500,894798
orx-basic,16,50,100,3625885
orx-basic,16,50,500,18406286
orx-basic,20,20,100,256675
orx-basic,20,20,500,858600
orx-basic,20,50,100,3260100
orx-basic,20,50,500,16348592
orx-basic,24,20,100,289721
orx-basic,24,20,500,907866
orx-basic,24,50,100,2959044
orx-basic,24,50,500,14962277
orx-basic,28,20,100,299223
orx-basic,28,20,500,853611
orx-basic,28,50,100,2871961
orx-basic,28,50,500,14432732
orx-basic,32,20,100,310377
orx-basic,32,20,500,869911
orx-basic,32,50,100,2827662
orx-basic,32,50,500,13776356
orx-rayon,4,20,100,458613
orx-rayon,4,20,500,1650768
orx-rayon,4,50,100,7052026
orx-rayon,4,50,500,36567976
orx-rayon,8,20,100,389694
orx-rayon,8,20,500,941030
orx-rayon,8,50,100,3864031
orx-rayon,8,50,500,20059397
orx-rayon,16,20,100,632692
orx-rayon,16,20,500,1078045
orx-rayon,16,50,100,3426203
orx-rayon,16,50,500,16468521
orx-rayon,20,20,100,691122
orx-rayon,20,20,500,1186137
orx-rayon,20,50,100,3281735
orx-rayon,20,50,500,14852452
orx-rayon,24,20,100,850941
orx-rayon,24,20,500,1282091
orx-rayon,24,50,100,3220160
orx-rayon,24,50,500,14661180
orx-rayon,28,20,100,955838
orx-rayon,28,20,500,1380756
orx-rayon,28,50,100,3294718
orx-rayon,28,50,500,14488582
orx-rayon,32,20,100,1027155
orx-rayon,32,20,500,1488716
orx-rayon,32,50,100,3226353
orx-rayon,32,50,500,14001297
