method,num_threads,depth,fanout,threshold,time (ns)
seq,4,6,8,5000,16139439
seq,4,8,6,20000,116836855
seq,4,8,8,10000,1144613029
seq,8,6,8,5000,15591196
seq,8,8,6,20000,113036469
seq,8,8,8,10000,1129429909
seq,16,6,8,5000,15963389
seq,16,8,6,20000,114695832
seq,16,8,8,10000,1155382960
seq,20,6,8,5000,15584838
seq,20,8,6,20000,113598077
seq,20,8,8,10000,1123802211
seq,24,6,8,5000,15507385
seq,24,8,6,20000,111685883
seq,24,8,8,10000,1131420768
seq,28,6,8,5000,15716807
seq,28,8,6,20000,112005778
seq,28,8,8,10000,1136483701
seq,32,6,8,5000,15582140
seq,32,8,6,20000,111974537
seq,32,8,8,10000,1128133087
rayon,4,6,8,5000,6051474
rayon,4,8,6,20000,43319030
rayon,4,8,8,10000,510288828
rayon,8,6,8,5000,5472768
rayon,8,8,6,20000,30468616
rayon,8,8,8,10000,379986305
rayon,16,6,8,5000,3858008
rayon,16,8,6,20000,21054588
rayon,16,8,8,10000,259015420
rayon,20,6,8,5000,8006472
rayon,20,8,6,20000,18630829
rayon,20,8,8,10000,252192038
rayon,24,6,8,5000,8103873
rayon,24,8,6,20000,19033841
rayon,24,8,8,10000,254711230
rayon,28,6,8,5000,12347727
rayon,28,8,6,20000,16824878
rayon,28,8,8,10000,266682526
rayon,32,6,8,5000,6043777
rayon,32,8,6,20000,19807160
rayon,32,8,8,10000,259552372
orx-once,4,6,8,5000,12040408
orx-once,4,8,6,20000,61400672
orx-once,4,8,8,10000,673127654
orx-once,8,6,8,5000,11758769
orx-once,8,8,6,20000,55506591
orx-once,8,8,8,10000,688586390
orx-once,16,6,8,5000,15917473
orx-once,16,8,6,20000,51441324
orx-once,16,8,8,10000,540586985
orx-once,20,6,8,5000,17980776
orx-once,20,8,6,20000,53815110
orx-once,20,8,8,10000,529306509
orx-once,24,6,8,5000,19619117
orx-once,24,8,6,20000,51667079
orx-once,24,8,8,10000,510943178
orx-once,28,6,8,5000,21974747
orx-once,28,8,6,20000,54580422
orx-once,28,8,8,10000,528099374
orx-once,32,6,8,5000,24349302
orx-once,32,8,6,20000,58335259
orx-once,32,8,8,10000,482678425
orx-basic,4,6,8,5000,10045462
orx-basic,4,8,6,20000,58224341
orx-basic,4,8,8,10000,571531226
orx-basic,8,6,8,5000,7188566
orx-basic,8,8,6,20000,46572245
orx-basic,8,8,8,10000,619979682
orx-basic,16,6,8,5000,7986115
orx-basic,16,8,6,20000,41685530
orx-basic,16,8,8,10000,481221245
orx-basic,20,6,8,5000,8269132
orx-basic,20,8,6,20000,42532205
orx-basic,20,8,8,10000,622071260
orx-basic,24,6,8,5000,8757757
orx-basic,24,8,6,20000,44245455
orx-basic,24,8,8,10000,565550204
orx-basic,28,6,8,5000,8978719
orx-basic,28,8,6,20000,43017641
orx-basic,28,8,8,10000,488160528
orx-basic,32,6,8,5000,9888679
orx-basic,32,8,6,20000,43882459
orx-basic,32,8,8,10000,450043146
orx-rayon,4,6,8,5000,11918534
orx-rayon,4,8,6,20000,79492898
orx-rayon,4,8,8,10000,947071733
orx-rayon,8,6,8,5000,11538300
orx-rayon,8,8,6,20000,69116144
orx-rayon,8,8,8,10000,888349771
orx-rayon,16,6,8,5000,16517154
orx-rayon,16,8,6,20000,53785046
orx-rayon,16,8,8,10000,643663627
orx-rayon,20,6,8,5000,17534184
orx-rayon,20,8,6,20000,49333240
orx-rayon,20,8,8,10000,577343602
orx-rayon,24,6,8,5000,19980651
orx-rayon,24,8,6,20000,55225559
orx-rayon,24,8,8,10000,564331462
orx-rayon,28,6,8,5000,24248980
orx-rayon,28,8,6,20000,57890273
orx-rayon,28,8,8,10000,928178803
orx-rayon,32,6,8,5000,28525399
orx-rayon,32,8,6,20000,80946590
orx-rayon,32,8,8,10000,627612657
