method,num_threads,n,pos,time (ns)
seq,4,2e14,never,1319365
seq,4,2e14,late,1310202
seq,4,2e14,mid,691357
seq,4,2e14,early,5030
seq,4,2e18,never,21120826
seq,4,2e18,late,20977329
seq,4,2e18,mid,10685486
seq,4,2e18,early,82075
seq,8,2e14,never,1925327
seq,8,2e14,late,1954721
seq,8,2e14,mid,967848
seq,8,2e14,early,7568
seq,8,2e18,never,19782225
seq,8,2e18,late,20085406
seq,8,2e18,mid,10124135
seq,8,2e18,early,77961
seq,16,2e14,never,1207514
seq,16,2e14,late,1202186
seq,16,2e14,mid,613640
seq,16,2e14,early,4770
seq,16,2e18,never,19813290
seq,16,2e18,late,20123335
seq,16,2e18,mid,10119393
seq,16,2e18,early,78033
seq,20,2e14,never,1984832
seq,20,2e14,late,1949601
seq,20,2e14,mid,877992
seq,20,2e14,early,4792
seq,20,2e18,never,19848154
seq,20,2e18,late,20140821
seq,20,2e18,mid,10168466
seq,20,2e18,early,78915
seq,24,2e14,never,1966459
seq,24,2e14,late,1977371
seq,24,2e14,mid,956019
seq,24,2e14,early,7619
seq,24,2e18,never,19716645
seq,24,2e18,late,20225444
seq,24,2e18,mid,10097195
seq,24,2e18,early,78246
seq,28,2e14,never,1946058
seq,28,2e14,late,1967175
seq,28,2e14,mid,964719
seq,28,2e14,early,7551
seq,28,2e18,never,19771154
seq,28,2e18,late,20035907
seq,28,2e18,mid,10035513
seq,28,2e18,early,81103
seq,32,2e14,never,1942468
seq,32,2e14,late,1936785
seq,32,2e14,mid,992077
seq,32,2e14,early,8501
seq,32,2e18,never,19790565
seq,32,2e18,late,20030119
seq,32,2e18,mid,10122845
seq,32,2e18,early,81242
orx-once,4,2e14,never,465030
orx-once,4,2e14,late,456680
orx-once,4,2e14,mid,291967
orx-once,4,2e14,early,120012
orx-once,4,2e18,never,6098093
orx-once,4,2e18,late,6109786
orx-once,4,2e18,mid,3210769
orx-once,4,2e18,early,155011
orx-once,8,2e14,never,490553
orx-once,8,2e14,late,391918
orx-once,8,2e14,mid,311746
orx-once,8,2e14,early,207227
orx-once,8,2e18,never,3260772
orx-once,8,2e18,late,3353603
orx-once,8,2e18,mid,1802682
orx-once,8,2e18,early,268660
orx-once,16,2e14,never,720087
orx-once,16,2e14,late,659612
orx-once,16,2e14,mid,568416
orx-once,16,2e14,early,423919
orx-once,16,2e18,never,2125484
orx-once,16,2e18,late,2174974
orx-once,16,2e18,mid,1418968
orx-once,16,2e18,early,488639
orx-once,20,2e14,never,1163130
orx-once,20,2e14,late,1061200
orx-once,20,2e14,mid,682169
orx-once,20,2e14,early,493222
orx-once,20,2e18,never,2133631
orx-once,20,2e18,late,2067489
orx-once,20,2e18,mid,1424704
orx-once,20,2e18,early,599702
orx-once,24,2e14,never,1360489
orx-once,24,2e14,late,1313599
orx-once,24,2e14,mid,1215208
orx-once,24,2e14,early,914685
orx-once,24,2e18,never,2720481
orx-once,24,2e18,late,2120477
orx-once,24,2e18,mid,1601623
orx-once,24,2e18,early,704706
orx-once,28,2e14,never,1461156
orx-once,28,2e14,late,1440694
orx-once,28,2e14,mid,837690
orx-once,28,2e14,early,714308
orx-once,28,2e18,never,2447826
orx-once,28,2e18,late,2370709
orx-once,28,2e18,mid,1753013
orx-once,28,2e18,early,800208
orx-once,32,2e14,never,1571764
orx-once,32,2e14,late,1562170
orx-once,32,2e14,mid,1443230
orx-once,32,2e14,early,1181827
orx-once,32,2e18,never,2619681
orx-once,32,2e18,late,2516134
orx-once,32,2e18,mid,1935739
orx-once,32,2e18,early,914917
orx-basic,4,2e14,never,405676
orx-basic,4,2e14,late,396431
orx-basic,4,2e14,mid,227056
orx-basic,4,2e14,early,33995
orx-basic,4,2e18,never,5593489
orx-basic,4,2e18,late,5723279
orx-basic,4,2e18,mid,2938685
orx-basic,4,2e18,early,84034
orx-basic,8,2e14,never,444277
orx-basic,8,2e14,late,347029
orx-basic,8,2e14,mid,236243
orx-basic,8,2e14,early,101357
orx-basic,8,2e18,never,4013551
orx-basic,8,2e18,late,3675666
orx-basic,8,2e18,mid,1579407
orx-basic,8,2e18,early,75891
orx-basic,16,2e14,never,387670
orx-basic,16,2e14,late,347887
orx-basic,16,2e14,mid,187627
orx-basic,16,2e14,early,133147
orx-basic,16,2e18,never,1755130
orx-basic,16,2e18,late,1771420
orx-basic,16,2e18,mid,998417
orx-basic,16,2e18,early,167688
orx-basic,20,2e14,never,463413
orx-basic,20,2e14,late,426429
orx-basic,20,2e14,mid,302697
orx-basic,20,2e14,early,249599
orx-basic,20,2e18,never,1941004
orx-basic,20,2e18,late,1907561
orx-basic,20,2e18,mid,835913
orx-basic,20,2e18,early,164538
orx-basic,24,2e14,never,313699
orx-basic,24,2e14,late,354951
orx-basic,24,2e14,mid,236466
orx-basic,24,2e14,early,217856
orx-basic,24,2e18,never,1508783
orx-basic,24,2e18,late,1517664
orx-basic,24,2e18,mid,845867
orx-basic,24,2e18,early,236783
orx-basic,28,2e14,never,266926
orx-basic,28,2e14,late,271707
orx-basic,28,2e14,mid,283248
orx-basic,28,2e14,early,236414
orx-basic,28,2e18,never,1458751
orx-basic,28,2e18,late,1407082
orx-basic,28,2e18,mid,845552
orx-basic,28,2e18,early,282697
orx-basic,32,2e14,never,301426
orx-basic,32,2e14,late,339790
orx-basic,32,2e14,mid,300704
orx-basic,32,2e14,early,268478
orx-basic,32,2e18,never,1406706
orx-basic,32,2e18,late,1342028
orx-basic,32,2e18,mid,808383
orx-basic,32,2e18,early,311076
orx-rayon,4,2e14,never,420700
orx-rayon,4,2e14,late,417337
orx-rayon,4,2e14,mid,260459
orx-rayon,4,2e14,early,108821
orx-rayon,4,2e18,never,5596405
orx-rayon,4,2e18,late,5768190
orx-rayon,4,2e18,mid,2949132
orx-rayon,4,2e18,early,141533
orx-rayon,8,2e14,never,422899
orx-rayon,8,2e14,late,343825
orx-rayon,8,2e14,mid,233524
orx-rayon,8,2e14,early,198920
orx-rayon,8,2e18,never,3119914
orx-rayon,8,2e18,late,3222895
orx-rayon,8,2e18,mid,1720680
orx-rayon,8,2e18,early,211787
orx-rayon,16,2e14,never,975565
orx-rayon,16,2e14,late,749385
orx-rayon,16,2e14,mid,654524
orx-rayon,16,2e14,early,608486
orx-rayon,16,2e18,never,2045844
orx-rayon,16,2e18,late,2000229
orx-rayon,16,2e18,mid,1235997
orx-rayon,16,2e18,early,494867
orx-rayon,20,2e14,never,983063
orx-rayon,20,2e14,late,916036
orx-rayon,20,2e14,mid,865490
orx-rayon,20,2e14,early,525468
orx-rayon,20,2e18,never,1927754
orx-rayon,20,2e18,late,1905027
orx-rayon,20,2e18,mid,1244429
orx-rayon,20,2e18,early,620874
orx-rayon,24,2e14,never,1252037
orx-rayon,24,2e14,late,1065802
orx-rayon,24,2e14,mid,996100
orx-rayon,24,2e14,early,886795
orx-rayon,24,2e18,never,1874559
orx-rayon,24,2e18,late,1827895
orx-rayon,24,2e18,mid,1265889
orx-rayon,24,2e18,early,726563
orx-rayon,28,2e14,never,1398750
orx-rayon,28,2e14,late,886648
orx-rayon,28,2e14,mid,843528
orx-rayon,28,2e14,early,803093
orx-rayon,28,2e18,never,2113292
orx-rayon,28,2e18,late,1895185
orx-rayon,28,2e18,mid,1371856
orx-rayon,28,2e18,early,904583
orx-rayon,32,2e14,never,1008533
orx-rayon,32,2e14,late,1014717
orx-rayon,32,2e14,mid,973841
orx-rayon,32,2e14,early,941392
orx-rayon,32,2e18,never,2367968
orx-rayon,32,2e18,late,2203827
orx-rayon,32,2e18,mid,1597362
orx-rayon,32,2e18,early,1033906
rayon,4,2e14,never,673697
rayon,4,2e14,late,666876
rayon,4,2e14,mid,635215
rayon,4,2e14,early,157082
rayon,4,2e18,never,6236157
rayon,4,2e18,late,6121409
rayon,4,2e18,mid,5254564
rayon,4,2e18,early,147720
rayon,8,2e14,never,556892
rayon,8,2e14,late,531059
rayon,8,2e14,mid,482124
rayon,8,2e14,early,316173
rayon,8,2e18,never,4427318
rayon,8,2e18,late,3454394
rayon,8,2e18,mid,2657323
rayon,8,2e18,early,224096
rayon,16,2e14,never,2519802
rayon,16,2e14,late,1839395
rayon,16,2e14,mid,1746955
rayon,16,2e14,early,551223
rayon,16,2e18,never,2651617
rayon,16,2e18,late,2687625
rayon,16,2e18,mid,2150094
rayon,16,2e18,early,540507
rayon,20,2e14,never,2438529
rayon,20,2e14,late,2577211
rayon,20,2e14,mid,2435187
rayon,20,2e14,early,642966
rayon,20,2e18,never,2594167
rayon,20,2e18,late,2089902
rayon,20,2e18,mid,1917400
rayon,20,2e18,early,680433
rayon,24,2e14,never,3090517
rayon,24,2e14,late,3196059
rayon,24,2e14,mid,3095088
rayon,24,2e14,early,763670
rayon,24,2e18,never,3624104
rayon,24,2e18,late,3104834
rayon,24,2e18,mid,2043110
rayon,24,2e18,early,832353
rayon,28,2e14,never,3729994
rayon,28,2e14,late,3965837
rayon,28,2e14,mid,3749945
rayon,28,2e14,early,922017
rayon,28,2e18,never,5126353
rayon,28,2e18,late,4979104
rayon,28,2e18,mid,3616103
rayon,28,2e18,early,1220715
rayon,32,2e14,never,4318137
rayon,32,2e14,late,4635919
rayon,32,2e14,mid,4559257
rayon,32,2e14,early,1450865
rayon,32,2e18,never,5839095
rayon,32,2e18,late,3752265
rayon,32,2e18,mid,2486309
rayon,32,2e18,early,610596
