method,num_threads,n,dataset,time (ns)
seq,4,2e16,hash-map,446918
seq,4,2e16,hash-set,455222
seq,4,2e20,hash-map,572049
seq,4,2e20,hash-set,564812
seq,8,2e16,hash-map,385645
seq,8,2e16,hash-set,390922
seq,8,2e20,hash-map,476874
seq,8,2e20,hash-set,488904
seq,16,2e16,hash-map,410669
seq,16,2e16,hash-set,381492
seq,16,2e20,hash-map,482128
seq,16,2e20,hash-set,476248
seq,20,2e16,hash-map,382684
seq,20,2e16,hash-set,401002
seq,20,2e20,hash-map,487350
seq,20,2e20,hash-set,489112
seq,24,2e16,hash-map,381498
seq,24,2e16,hash-set,381622
seq,24,2e20,hash-map,492822
seq,24,2e20,hash-set,498070
seq,28,2e16,hash-map,625053
seq,28,2e16,hash-set,622009
seq,28,2e20,hash-map,789613
seq,28,2e20,hash-set,764719
seq,32,2e16,hash-map,381209
seq,32,2e16,hash-set,380206
seq,32,2e20,hash-map,476020
seq,32,2e20,hash-set,474603
orx-once,4,2e16,hash-map,236569
orx-once,4,2e16,hash-set,184013
orx-once,4,2e20,hash-map,222995
orx-once,4,2e20,hash-set,193664
orx-once,8,2e16,hash-map,305129
orx-once,8,2e16,hash-set,284198
orx-once,8,2e20,hash-map,286651
orx-once,8,2e20,hash-set,253300
orx-once,16,2e16,hash-map,431532
orx-once,16,2e16,hash-set,420791
orx-once,16,2e20,hash-map,468912
orx-once,16,2e20,hash-set,482361
orx-once,20,2e16,hash-map,439759
orx-once,20,2e16,hash-set,420348
orx-once,20,2e20,hash-map,574934
orx-once,20,2e20,hash-set,613526
orx-once,24,2e16,hash-map,465179
orx-once,24,2e16,hash-set,455708
orx-once,24,2e20,hash-map,628279
orx-once,24,2e20,hash-set,593619
orx-once,28,2e16,hash-map,434054
orx-once,28,2e16,hash-set,444738
orx-once,28,2e20,hash-map,605224
orx-once,28,2e20,hash-set,603410
orx-once,32,2e16,hash-map,444668
orx-once,32,2e16,hash-set,448770
orx-once,32,2e20,hash-map,565718
orx-once,32,2e20,hash-set,597999
orx-basic,4,2e16,hash-map,184608
orx-basic,4,2e16,hash-set,175536
orx-basic,4,2e20,hash-map,191165
orx-basic,4,2e20,hash-set,167827
orx-basic,8,2e16,hash-map,304681
orx-basic,8,2e16,hash-set,247638
orx-basic,8,2e20,hash-map,257247
orx-basic,8,2e20,hash-set,240451
orx-basic,16,2e16,hash-map,166646
orx-basic,16,2e16,hash-set,140329
orx-basic,16,2e20,hash-map,154217
orx-basic,16,2e20,hash-set,153622
orx-basic,20,2e16,hash-map,150764
orx-basic,20,2e16,hash-set,154766
orx-basic,20,2e20,hash-map,159604
orx-basic,20,2e20,hash-set,183219
orx-basic,24,2e16,hash-map,142434
orx-basic,24,2e16,hash-set,139374
orx-basic,24,2e20,hash-map,171753
orx-basic,24,2e20,hash-set,182855
orx-basic,28,2e16,hash-map,160170
orx-basic,28,2e16,hash-set,134538
orx-basic,28,2e20,hash-map,172641
orx-basic,28,2e20,hash-set,171326
orx-basic,32,2e16,hash-map,140632
orx-basic,32,2e16,hash-set,150376
orx-basic,32,2e20,hash-map,193690
orx-basic,32,2e20,hash-set,171466
orx-rayon,4,2e16,hash-map,214494
orx-rayon,4,2e16,hash-set,213239
orx-rayon,4,2e20,hash-map,221162
orx-rayon,4,2e20,hash-set,221584
orx-rayon,8,2e16,hash-map,274144
orx-rayon,8,2e16,hash-set,218205
orx-rayon,8,2e20,hash-map,239222
orx-rayon,8,2e20,hash-set,241225
orx-rayon,16,2e16,hash-map,435139
orx-rayon,16,2e16,hash-set,438713
orx-rayon,16,2e20,hash-map,428869
orx-rayon,16,2e20,hash-set,443776
orx-rayon,20,2e16,hash-map,804617
orx-rayon,20,2e16,hash-set,757905
orx-rayon,20,2e20,hash-map,933120
orx-rayon,20,2e20,hash-set,930681
orx-rayon,24,2e16,hash-map,505680
orx-rayon,24,2e16,hash-set,484347
orx-rayon,24,2e20,hash-map,597687
orx-rayon,24,2e20,hash-set,589665
orx-rayon,28,2e16,hash-map,524389
orx-rayon,28,2e16,hash-set,530095
orx-rayon,28,2e20,hash-map,662465
orx-rayon,28,2e20,hash-set,648563
orx-rayon,32,2e16,hash-map,929912
orx-rayon,32,2e16,hash-set,817669
orx-rayon,32,2e20,hash-map,877899
orx-rayon,32,2e20,hash-set,900446
rayon,4,2e16,hash-map,333981
rayon,4,2e16,hash-set,291106
rayon,4,2e20,hash-map,326017
rayon,4,2e20,hash-set,325277
rayon,8,2e16,hash-map,310727
rayon,8,2e16,hash-set,246918
rayon,8,2e20,hash-map,217416
rayon,8,2e20,hash-set,217838
rayon,16,2e16,hash-map,436225
rayon,16,2e16,hash-set,432299
rayon,16,2e20,hash-map,471489
rayon,16,2e20,hash-set,434965
rayon,20,2e16,hash-map,573712
rayon,20,2e16,hash-set,527440
rayon,20,2e20,hash-map,521724
rayon,20,2e20,hash-set,538994
rayon,24,2e16,hash-map,625707
rayon,24,2e16,hash-set,625470
rayon,24,2e20,hash-map,647097
rayon,24,2e20,hash-set,652640
rayon,28,2e16,hash-map,802753
rayon,28,2e16,hash-set,756561
rayon,28,2e20,hash-map,768792
rayon,28,2e20,hash-set,781126
rayon,32,2e16,hash-map,890788
rayon,32,2e16,hash-set,872624
rayon,32,2e20,hash-map,905016
rayon,32,2e20,hash-set,920676
