method,num_threads,n,compute,pipeline,time (ns)
seq,4,2e14,light,fmap,51888
seq,4,2e14,light,map,9942
seq,4,2e14,medium,fmap,968812
seq,4,2e14,medium,map,1834267
seq,4,2e14,heavy,fmap,10886740
seq,4,2e14,heavy,map,21349262
seq,4,2e14,variable,fmap,1467535
seq,4,2e14,variable,map,1299463
seq,4,2e16,light,fmap,217227
seq,4,2e16,light,map,40977
seq,4,2e16,medium,fmap,3849035
seq,4,2e16,medium,map,7254886
seq,4,2e16,heavy,fmap,43184157
seq,4,2e16,heavy,map,86402827
seq,4,2e16,variable,fmap,5786711
seq,4,2e16,variable,map,5512416
seq,8,2e14,light,fmap,42098
seq,8,2e14,light,map,8200
seq,8,2e14,medium,fmap,847966
seq,8,2e14,medium,map,1645978
seq,8,2e14,heavy,fmap,10072314
seq,8,2e14,heavy,map,20301037
seq,8,2e14,variable,fmap,1399025
seq,8,2e14,variable,map,1267566
seq,8,2e16,light,fmap,216495
seq,8,2e16,light,map,40324
seq,8,2e16,medium,fmap,3674893
seq,8,2e16,medium,map,6938100
seq,8,2e16,heavy,fmap,42329039
seq,8,2e16,heavy,map,85618319
seq,8,2e16,variable,fmap,5831793
seq,8,2e16,variable,map,5516244
seq,16,2e14,light,fmap,44802
seq,16,2e14,light,map,8495
seq,16,2e14,medium,fmap,868619
seq,16,2e14,medium,map,1663054
seq,16,2e14,heavy,fmap,10212164
seq,16,2e14,heavy,map,20438492
seq,16,2e14,variable,fmap,1405243
seq,16,2e14,variable,map,1285074
seq,16,2e16,light,fmap,208823
seq,16,2e16,light,map,35782
seq,16,2e16,medium,fmap,3674235
seq,16,2e16,medium,map,6980947
seq,16,2e16,heavy,fmap,42910275
seq,16,2e16,heavy,map,86215732
seq,16,2e16,variable,fmap,5827010
seq,16,2e16,variable,map,5536194
seq,20,2e14,light,fmap,41101
seq,20,2e14,light,map,7907
seq,20,2e14,medium,fmap,854636
seq,20,2e14,medium,map,1657473
seq,20,2e14,heavy,fmap,10158878
seq,20,2e14,heavy,map,20438260
seq,20,2e14,variable,fmap,1420699
seq,20,2e14,variable,map,1287003
seq,20,2e16,light,fmap,212647
seq,20,2e16,light,map,38483
seq,20,2e16,medium,fmap,3672881
seq,20,2e16,medium,map,7004347
seq,20,2e16,heavy,fmap,45833583
seq,20,2e16,heavy,map,89538101
seq,20,2e16,variable,fmap,5937812
seq,20,2e16,variable,map,5591830
seq,24,2e14,light,fmap,43621
seq,24,2e14,light,map,8499
seq,24,2e14,medium,fmap,865215
seq,24,2e14,medium,map,1658104
seq,24,2e14,heavy,fmap,10164080
seq,24,2e14,heavy,map,20665608
seq,24,2e14,variable,fmap,1444885
seq,24,2e14,variable,map,1286652
seq,24,2e16,light,fmap,219430
seq,24,2e16,light,map,39703
seq,24,2e16,medium,fmap,3738482
seq,24,2e16,medium,map,7068046
seq,24,2e16,heavy,fmap,43067022
seq,24,2e16,heavy,map,87189919
seq,24,2e16,variable,fmap,5951670
seq,24,2e16,variable,map,5676589
seq,28,2e14,light,fmap,41389
seq,28,2e14,light,map,7909
seq,28,2e14,medium,fmap,865669
seq,28,2e14,medium,map,1665189
seq,28,2e14,heavy,fmap,10108405
seq,28,2e14,heavy,map,20689801
seq,28,2e14,variable,fmap,1444911
seq,28,2e14,variable,map,1257596
seq,28,2e16,light,fmap,207414
seq,28,2e16,light,map,40724
seq,28,2e16,medium,fmap,3714673
seq,28,2e16,medium,map,7091421
seq,28,2e16,heavy,fmap,42960534
seq,28,2e16,heavy,map,86678083
seq,28,2e16,variable,fmap,5906024
seq,28,2e16,variable,map,5536257
seq,32,2e14,light,fmap,40442
seq,32,2e14,light,map,8526
seq,32,2e14,medium,fmap,866604
seq,32,2e14,medium,map,1656290
seq,32,2e14,heavy,fmap,10163543
seq,32,2e14,heavy,map,20950411
seq,32,2e14,variable,fmap,1434459
seq,32,2e14,variable,map,1311554
seq,32,2e16,light,fmap,214462
seq,32,2e16,light,map,38831
seq,32,2e16,medium,fmap,3824874
seq,32,2e16,medium,map,7193591
seq,32,2e16,heavy,fmap,43799244
seq,32,2e16,heavy,map,91302061
seq,32,2e16,variable,fmap,7060681
seq,32,2e16,variable,map,6754163
rayon,4,2e14,light,fmap,922570
rayon,4,2e14,light,map,1958349
rayon,4,2e14,medium,fmap,1138706
rayon,4,2e14,medium,map,863012
rayon,4,2e14,heavy,fmap,3459746
rayon,4,2e14,heavy,map,6635638
rayon,4,2e14,variable,fmap,785900
rayon,4,2e14,variable,map,1579879
rayon,4,2e16,light,fmap,4215533
rayon,4,2e16,light,map,8158533
rayon,4,2e16,medium,fmap,4573796
rayon,4,2e16,medium,map,3356619
rayon,4,2e16,heavy,fmap,13989746
rayon,4,2e16,heavy,map,28461185
rayon,4,2e16,variable,fmap,3057656
rayon,4,2e16,variable,map,6463226
rayon,8,2e14,light,fmap,1076933
rayon,8,2e14,light,map,2037783
rayon,8,2e14,medium,fmap,1630848
rayon,8,2e14,medium,map,2159068
rayon,8,2e14,heavy,fmap,2057275
rayon,8,2e14,heavy,map,3855533
rayon,8,2e14,variable,fmap,1297049
rayon,8,2e14,variable,map,2384927
rayon,8,2e16,light,fmap,4922336
rayon,8,2e16,light,map,9237469
rayon,8,2e16,medium,fmap,6989420
rayon,8,2e16,medium,map,9159358
rayon,8,2e16,heavy,fmap,8946056
rayon,8,2e16,heavy,map,17724392
rayon,8,2e16,variable,fmap,5752147
rayon,8,2e16,variable,map,11002781
rayon,16,2e14,light,fmap,1244934
rayon,16,2e14,light,map,2070320
rayon,16,2e14,medium,fmap,1889603
rayon,16,2e14,medium,map,2670428
rayon,16,2e14,heavy,fmap,1947863
rayon,16,2e14,heavy,map,2667190
rayon,16,2e14,variable,fmap,1739636
rayon,16,2e14,variable,map,2712951
rayon,16,2e16,light,fmap,5323067
rayon,16,2e16,light,map,9929621
rayon,16,2e16,medium,fmap,8274580
rayon,16,2e16,medium,map,12037382
rayon,16,2e16,heavy,fmap,8413104
rayon,16,2e16,heavy,map,11574280
rayon,16,2e16,variable,fmap,7764850
rayon,16,2e16,variable,map,13258611
rayon,20,2e14,light,fmap,1083675
rayon,20,2e14,light,map,2153444
rayon,20,2e14,medium,fmap,2109988
rayon,20,2e14,medium,map,3199888
rayon,20,2e14,heavy,fmap,2488300
rayon,20,2e14,heavy,map,3908903
rayon,20,2e14,variable,fmap,1920728
rayon,20,2e14,variable,map,2927574
rayon,20,2e16,light,fmap,5461453
rayon,20,2e16,light,map,10060609
rayon,20,2e16,medium,fmap,9599124
rayon,20,2e16,medium,map,15353196
rayon,20,2e16,heavy,fmap,11564793
rayon,20,2e16,heavy,map,18904326
rayon,20,2e16,variable,fmap,8630060
rayon,20,2e16,variable,map,13930740
rayon,24,2e14,light,fmap,1236477
rayon,24,2e14,light,map,2432461
rayon,24,2e14,medium,fmap,2891823
rayon,24,2e14,medium,map,5332351
rayon,24,2e14,heavy,fmap,3461775
rayon,24,2e14,heavy,map,6483969
rayon,24,2e14,variable,fmap,2555613
rayon,24,2e14,variable,map,4035330
rayon,24,2e16,light,fmap,6924861
rayon,24,2e16,light,map,13654412
rayon,24,2e16,medium,fmap,15049605
rayon,24,2e16,medium,map,28799495
rayon,24,2e16,heavy,fmap,18266061
rayon,24,2e16,heavy,map,33245517
rayon,24,2e16,variable,fmap,12067571
rayon,24,2e16,variable,map,20268406
rayon,28,2e14,light,fmap,1320407
rayon,28,2e14,light,map,2482887
rayon,28,2e14,medium,fmap,3174255
rayon,28,2e14,medium,map,5770476
rayon,28,2e14,heavy,fmap,3837895
rayon,28,2e14,heavy,map,7122771
rayon,28,2e14,variable,fmap,2838173
rayon,28,2e14,variable,map,4354417
rayon,28,2e16,light,fmap,6896588
rayon,28,2e16,light,map,13455368
rayon,28,2e16,medium,fmap,15511845
rayon,28,2e16,medium,map,30254688
rayon,28,2e16,heavy,fmap,18317395
rayon,28,2e16,heavy,map,35513425
rayon,28,2e16,variable,fmap,13246458
rayon,28,2e16,variable,map,21783759
rayon,32,2e14,light,fmap,1966476
rayon,32,2e14,light,map,2267964
rayon,32,2e14,medium,fmap,2252028
rayon,32,2e14,medium,map,3226402
rayon,32,2e14,heavy,fmap,2836779
rayon,32,2e14,heavy,map,4922251
rayon,32,2e14,variable,fmap,2099581
rayon,32,2e14,variable,map,3087698
rayon,32,2e16,light,fmap,6676964
rayon,32,2e16,light,map,11832618
rayon,32,2e16,medium,fmap,10764015
rayon,32,2e16,medium,map,16317165
rayon,32,2e16,heavy,fmap,13734538
rayon,32,2e16,heavy,map,23231076
rayon,32,2e16,variable,fmap,10231352
rayon,32,2e16,variable,map,16278491
orx-once,4,2e14,light,fmap,181545
orx-once,4,2e14,light,map,127291
orx-once,4,2e14,medium,fmap,431341
orx-once,4,2e14,medium,map,756183
orx-once,4,2e14,heavy,fmap,3559379
orx-once,4,2e14,heavy,map,6832551
orx-once,4,2e14,variable,fmap,586394
orx-once,4,2e14,variable,map,544361
orx-once,4,2e16,light,fmap,316606
orx-once,4,2e16,light,map,265936
orx-once,4,2e16,medium,fmap,1400267
orx-once,4,2e16,medium,map,2599725
orx-once,4,2e16,heavy,fmap,13856361
orx-once,4,2e16,heavy,map,27872606
orx-once,4,2e16,variable,fmap,2060176
orx-once,4,2e16,variable,map,1987889
orx-once,8,2e14,light,fmap,255869
orx-once,8,2e14,light,map,241578
orx-once,8,2e14,medium,fmap,340299
orx-once,8,2e14,medium,map,455313
orx-once,8,2e14,heavy,fmap,1923280
orx-once,8,2e14,heavy,map,3763946
orx-once,8,2e14,variable,fmap,426313
orx-once,8,2e14,variable,map,380659
orx-once,8,2e16,light,fmap,390127
orx-once,8,2e16,light,map,381369
orx-once,8,2e16,medium,fmap,951806
orx-once,8,2e16,medium,map,1625167
orx-once,8,2e16,heavy,fmap,7867844
orx-once,8,2e16,heavy,map,16089251
orx-once,8,2e16,variable,fmap,1302501
orx-once,8,2e16,variable,map,1239491
orx-once,16,2e14,light,fmap,454995
orx-once,16,2e14,light,map,387564
orx-once,16,2e14,medium,fmap,586261
orx-once,16,2e14,medium,map,716270
orx-once,16,2e14,heavy,fmap,2059225
orx-once,16,2e14,heavy,map,2398946
orx-once,16,2e14,variable,fmap,705687
orx-once,16,2e14,variable,map,698907
orx-once,16,2e16,light,fmap,909212
orx-once,16,2e16,light,map,689646
orx-once,16,2e16,medium,fmap,971004
orx-once,16,2e16,medium,map,1309887
orx-once,16,2e16,heavy,fmap,4565299
orx-once,16,2e16,heavy,map,8925575
orx-once,16,2e16,variable,fmap,1138998
orx-once,16,2e16,variable,map,1198318
orx-once,20,2e14,light,fmap,909973
orx-once,20,2e14,light,map,530245
orx-once,20,2e14,medium,fmap,1104630
orx-once,20,2e14,medium,map,1063003
orx-once,20,2e14,heavy,fmap,1537250
orx-once,20,2e14,heavy,map,2114571
orx-once,20,2e14,variable,fmap,888050
orx-once,20,2e14,variable,map,866643
orx-once,20,2e16,light,fmap,938754
orx-once,20,2e16,light,map,966083
orx-once,20,2e16,medium,fmap,1423456
orx-once,20,2e16,medium,map,1705374
orx-once,20,2e16,heavy,fmap,3991827
orx-once,20,2e16,heavy,map,7627991
orx-once,20,2e16,variable,fmap,1307764
orx-once,20,2e16,variable,map,1279052
orx-once,24,2e14,light,fmap,968576
orx-once,24,2e14,light,map,578646
orx-once,24,2e14,medium,fmap,1049306
orx-once,24,2e14,medium,map,1059733
orx-once,24,2e14,heavy,fmap,1601270
orx-once,24,2e14,heavy,map,2119469
orx-once,24,2e14,variable,fmap,1007411
orx-once,24,2e14,variable,map,1023593
orx-once,24,2e16,light,fmap,1030046
orx-once,24,2e16,light,map,865528
orx-once,24,2e16,medium,fmap,1522354
orx-once,24,2e16,medium,map,1761771
orx-once,24,2e16,heavy,fmap,4139462
orx-once,24,2e16,heavy,map,7678229
orx-once,24,2e16,variable,fmap,1424332
orx-once,24,2e16,variable,map,1460362
orx-once,28,2e14,light,fmap,1136199
orx-once,28,2e14,light,map,751670
orx-once,28,2e14,medium,fmap,1297226
orx-once,28,2e14,medium,map,1784481
orx-once,28,2e14,heavy,fmap,1823822
orx-once,28,2e14,heavy,map,2396396
orx-once,28,2e14,variable,fmap,1148233
orx-once,28,2e14,variable,map,1116177
orx-once,28,2e16,light,fmap,1370455
orx-once,28,2e16,light,map,1199309
orx-once,28,2e16,medium,fmap,1751322
orx-once,28,2e16,medium,map,2072716
orx-once,28,2e16,heavy,fmap,4018453
orx-once,28,2e16,heavy,map,6803742
orx-once,28,2e16,variable,fmap,1696525
orx-once,28,2e16,variable,map,1727838
orx-once,32,2e14,light,fmap,1176852
orx-once,32,2e14,light,map,720004
orx-once,32,2e14,medium,fmap,1401318
orx-once,32,2e14,medium,map,1240728
orx-once,32,2e14,heavy,fmap,1977515
orx-once,32,2e14,heavy,map,2554771
orx-once,32,2e14,variable,fmap,1344885
orx-once,32,2e14,variable,map,1256582
orx-once,32,2e16,light,fmap,1408390
orx-once,32,2e16,light,map,1127625
orx-once,32,2e16,medium,fmap,2116626
orx-once,32,2e16,medium,map,2103489
orx-once,32,2e16,heavy,fmap,4138322
orx-once,32,2e16,heavy,map,6858989
orx-once,32,2e16,variable,fmap,1695782
orx-once,32,2e16,variable,map,1738608
orx-basic,4,2e14,light,fmap,76383
orx-basic,4,2e14,light,map,90203
orx-basic,4,2e14,medium,fmap,312671
orx-basic,4,2e14,medium,map,620558
orx-basic,4,2e14,heavy,fmap,3174044
orx-basic,4,2e14,heavy,map,6315588
orx-basic,4,2e14,variable,fmap,531277
orx-basic,4,2e14,variable,map,531703
orx-basic,4,2e16,light,fmap,307414
orx-basic,4,2e16,light,map,353477
orx-basic,4,2e16,medium,fmap,1387492
orx-basic,4,2e16,medium,map,2518325
orx-basic,4,2e16,heavy,fmap,12772000
orx-basic,4,2e16,heavy,map,26293557
orx-basic,4,2e16,variable,fmap,2098286
orx-basic,4,2e16,variable,map,1944119
orx-basic,8,2e14,light,fmap,88402
orx-basic,8,2e14,light,map,71208
orx-basic,8,2e14,medium,fmap,232355
orx-basic,8,2e14,medium,map,371854
orx-basic,8,2e14,heavy,fmap,1767479
orx-basic,8,2e14,heavy,map,3539370
orx-basic,8,2e14,variable,fmap,343449
orx-basic,8,2e14,variable,map,316827
orx-basic,8,2e16,light,fmap,318323
orx-basic,8,2e16,light,map,368850
orx-basic,8,2e16,medium,fmap,862631
orx-basic,8,2e16,medium,map,1491700
orx-basic,8,2e16,heavy,fmap,7424523
orx-basic,8,2e16,heavy,map,15019319
orx-basic,8,2e16,variable,fmap,1158511
orx-basic,8,2e16,variable,map,1111394
orx-basic,16,2e14,light,fmap,136817
orx-basic,16,2e14,light,map,150230
orx-basic,16,2e14,medium,fmap,374188
orx-basic,16,2e14,medium,map,468453
orx-basic,16,2e14,heavy,fmap,1722297
orx-basic,16,2e14,heavy,map,1967541
orx-basic,16,2e14,variable,fmap,345064
orx-basic,16,2e14,variable,map,299816
orx-basic,16,2e16,light,fmap,307433
orx-basic,16,2e16,light,map,244944
orx-basic,16,2e16,medium,fmap,685319
orx-basic,16,2e16,medium,map,1066388
orx-basic,16,2e16,heavy,fmap,3841622
orx-basic,16,2e16,heavy,map,7863428
orx-basic,16,2e16,variable,fmap,755845
orx-basic,16,2e16,variable,map,712780
orx-basic,20,2e14,light,fmap,155306
orx-basic,20,2e14,light,map,162232
orx-basic,20,2e14,medium,fmap,330170
orx-basic,20,2e14,medium,map,494099
orx-basic,20,2e14,heavy,fmap,1129875
orx-basic,20,2e14,heavy,map,1676905
orx-basic,20,2e14,variable,fmap,330763
orx-basic,20,2e14,variable,map,319106
orx-basic,20,2e16,light,fmap,445241
orx-basic,20,2e16,light,map,461297
orx-basic,20,2e16,medium,fmap,591511
orx-basic,20,2e16,medium,map,774191
orx-basic,20,2e16,heavy,fmap,3291524
orx-basic,20,2e16,heavy,map,6768725
orx-basic,20,2e16,variable,fmap,710020
orx-basic,20,2e16,variable,map,653847
orx-basic,24,2e14,light,fmap,192531
orx-basic,24,2e14,light,map,204811
orx-basic,24,2e14,medium,fmap,308378
orx-basic,24,2e14,medium,map,736021
orx-basic,24,2e14,heavy,fmap,1067094
orx-basic,24,2e14,heavy,map,1524212
orx-basic,24,2e14,variable,fmap,366562
orx-basic,24,2e14,variable,map,368729
orx-basic,24,2e16,light,fmap,427652
orx-basic,24,2e16,light,map,559947
orx-basic,24,2e16,medium,fmap,771023
orx-basic,24,2e16,medium,map,1095680
orx-basic,24,2e16,heavy,fmap,3303433
orx-basic,24,2e16,heavy,map,6390199
orx-basic,24,2e16,variable,fmap,835729
orx-basic,24,2e16,variable,map,804470
orx-basic,28,2e14,light,fmap,359804
orx-basic,28,2e14,light,map,292695
orx-basic,28,2e14,medium,fmap,263851
orx-basic,28,2e14,medium,map,404975
orx-basic,28,2e14,heavy,fmap,1036700
orx-basic,28,2e14,heavy,map,1411958
orx-basic,28,2e14,variable,fmap,418981
orx-basic,28,2e14,variable,map,395342
orx-basic,28,2e16,light,fmap,508657
orx-basic,28,2e16,light,map,548994
orx-basic,28,2e16,medium,fmap,585644
orx-basic,28,2e16,medium,map,839369
orx-basic,28,2e16,heavy,fmap,3448376
orx-basic,28,2e16,heavy,map,6171869
orx-basic,28,2e16,variable,fmap,762982
orx-basic,28,2e16,variable,map,706453
orx-basic,32,2e14,light,fmap,245567
orx-basic,32,2e14,light,map,267779
orx-basic,32,2e14,medium,fmap,298400
orx-basic,32,2e14,medium,map,766199
orx-basic,32,2e14,heavy,fmap,1040375
orx-basic,32,2e14,heavy,map,1335018
orx-basic,32,2e14,variable,fmap,474547
orx-basic,32,2e14,variable,map,415261
orx-basic,32,2e16,light,fmap,471451
orx-basic,32,2e16,light,map,778354
orx-basic,32,2e16,medium,fmap,830108
orx-basic,32,2e16,medium,map,1132972
orx-basic,32,2e16,heavy,fmap,3642594
orx-basic,32,2e16,heavy,map,6137114
orx-basic,32,2e16,variable,fmap,791074
orx-basic,32,2e16,variable,map,809774
orx-rayon,4,2e14,light,fmap,181082
orx-rayon,4,2e14,light,map,122796
orx-rayon,4,2e14,medium,fmap,372830
orx-rayon,4,2e14,medium,map,606320
orx-rayon,4,2e14,heavy,fmap,3026721
orx-rayon,4,2e14,heavy,map,6003779
orx-rayon,4,2e14,variable,fmap,505849
orx-rayon,4,2e14,variable,map,501285
orx-rayon,4,2e16,light,fmap,281745
orx-rayon,4,2e16,light,map,245288
orx-rayon,4,2e16,medium,fmap,1208031
orx-rayon,4,2e16,medium,map,2126834
orx-rayon,4,2e16,heavy,fmap,12398657
orx-rayon,4,2e16,heavy,map,25435941
orx-rayon,4,2e16,variable,fmap,1961136
orx-rayon,4,2e16,variable,map,1814379
orx-rayon,8,2e14,light,fmap,285268
orx-rayon,8,2e14,light,map,333765
orx-rayon,8,2e14,medium,fmap,378771
orx-rayon,8,2e14,medium,map,470068
orx-rayon,8,2e14,heavy,fmap,1771477
orx-rayon,8,2e14,heavy,map,3473478
orx-rayon,8,2e14,variable,fmap,434458
orx-rayon,8,2e14,variable,map,410593
orx-rayon,8,2e16,light,fmap,407699
orx-rayon,8,2e16,light,map,511384
orx-rayon,8,2e16,medium,fmap,955174
orx-rayon,8,2e16,medium,map,1607075
orx-rayon,8,2e16,heavy,fmap,7353875
orx-rayon,8,2e16,heavy,map,14633336
orx-rayon,8,2e16,variable,fmap,1261189
orx-rayon,8,2e16,variable,map,1206264
orx-rayon,16,2e14,light,fmap,518100
orx-rayon,16,2e14,light,map,488546
orx-rayon,16,2e14,medium,fmap,537664
orx-rayon,16,2e14,medium,map,716771
orx-rayon,16,2e14,heavy,fmap,2233819
orx-rayon,16,2e14,heavy,map,2394028
orx-rayon,16,2e14,variable,fmap,661929
orx-rayon,16,2e14,variable,map,672123
orx-rayon,16,2e16,light,fmap,700876
orx-rayon,16,2e16,light,map,622297
orx-rayon,16,2e16,medium,fmap,1217323
orx-rayon,16,2e16,medium,map,1521258
orx-rayon,16,2e16,heavy,fmap,4384287
orx-rayon,16,2e16,heavy,map,8528946
orx-rayon,16,2e16,variable,fmap,1103459
orx-rayon,16,2e16,variable,map,1097788
orx-rayon,20,2e14,light,fmap,549678
orx-rayon,20,2e14,light,map,560790
orx-rayon,20,2e14,medium,fmap,769828
orx-rayon,20,2e14,medium,map,928163
orx-rayon,20,2e14,heavy,fmap,1561010
orx-rayon,20,2e14,heavy,map,2026234
orx-rayon,20,2e14,variable,fmap,766302
orx-rayon,20,2e14,variable,map,762926
orx-rayon,20,2e16,light,fmap,727222
orx-rayon,20,2e16,light,map,783986
orx-rayon,20,2e16,medium,fmap,1252656
orx-rayon,20,2e16,medium,map,1478880
orx-rayon,20,2e16,heavy,fmap,3752627
orx-rayon,20,2e16,heavy,map,6880918
orx-rayon,20,2e16,variable,fmap,1121566
orx-rayon,20,2e16,variable,map,1092309
orx-rayon,24,2e14,light,fmap,763176
orx-rayon,24,2e14,light,map,860782
orx-rayon,24,2e14,medium,fmap,1015400
orx-rayon,24,2e14,medium,map,1100609
orx-rayon,24,2e14,heavy,fmap,1740539
orx-rayon,24,2e14,heavy,map,2356192
orx-rayon,24,2e14,variable,fmap,1076011
orx-rayon,24,2e14,variable,map,1056969
orx-rayon,24,2e16,light,fmap,1008481
orx-rayon,24,2e16,light,map,969284
orx-rayon,24,2e16,medium,fmap,1317558
orx-rayon,24,2e16,medium,map,1708271
orx-rayon,24,2e16,heavy,fmap,4711615
orx-rayon,24,2e16,heavy,map,8095059
orx-rayon,24,2e16,variable,fmap,1394814
orx-rayon,24,2e16,variable,map,1414563
orx-rayon,28,2e14,light,fmap,904720
orx-rayon,28,2e14,light,map,907081
orx-rayon,28,2e14,medium,fmap,1014545
orx-rayon,28,2e14,medium,map,1172178
orx-rayon,28,2e14,heavy,fmap,1710436
orx-rayon,28,2e14,heavy,map,2264340
orx-rayon,28,2e14,variable,fmap,1143913
orx-rayon,28,2e14,variable,map,1153343
orx-rayon,28,2e16,light,fmap,1078908
orx-rayon,28,2e16,light,map,1060195
orx-rayon,28,2e16,medium,fmap,1419260
orx-rayon,28,2e16,medium,map,1841925
orx-rayon,28,2e16,heavy,fmap,4294265
orx-rayon,28,2e16,heavy,map,7128462
orx-rayon,28,2e16,variable,fmap,1604378
orx-rayon,28,2e16,variable,map,1607272
orx-rayon,32,2e14,light,fmap,1081458
orx-rayon,32,2e14,light,map,936240
orx-rayon,32,2e14,medium,fmap,1097457
orx-rayon,32,2e14,medium,map,1211038
orx-rayon,32,2e14,heavy,fmap,1926218
orx-rayon,32,2e14,heavy,map,2264983
orx-rayon,32,2e14,variable,fmap,1217482
orx-rayon,32,2e14,variable,map,1189816
orx-rayon,32,2e16,light,fmap,1183114
orx-rayon,32,2e16,light,map,1115242
orx-rayon,32,2e16,medium,fmap,1585152
orx-rayon,32,2e16,medium,map,1821906
orx-rayon,32,2e16,heavy,fmap,4181043
orx-rayon,32,2e16,heavy,map,7136511
orx-rayon,32,2e16,variable,fmap,1664245
orx-rayon,32,2e16,variable,map,1687969
