method,num_threads,n,time (ns)
seq,4,2e16,361718
seq,4,2e20,430519
seq,8,2e16,332304
seq,8,2e20,404705
seq,16,2e16,336061
seq,16,2e20,404170
seq,20,2e16,332633
seq,20,2e20,407452
seq,24,2e16,538224
seq,24,2e20,655901
seq,28,2e16,333382
seq,28,2e20,406101
seq,32,2e16,332556
seq,32,2e20,402903
orx-once,4,2e16,257794
orx-once,4,2e20,215780
orx-once,8,2e16,262794
orx-once,8,2e20,260031
orx-once,16,2e16,605743
orx-once,16,2e20,641682
orx-once,20,2e16,444980
orx-once,20,2e20,544176
orx-once,24,2e16,639176
orx-once,24,2e20,808506
orx-once,28,2e16,653194
orx-once,28,2e20,830394
orx-once,32,2e16,523020
orx-once,32,2e20,503280
orx-basic,4,2e16,217362
orx-basic,4,2e20,219030
orx-basic,8,2e16,131490
orx-basic,8,2e20,130203
orx-basic,16,2e16,285684
orx-basic,16,2e20,212827
orx-basic,20,2e16,259614
orx-basic,20,2e20,284692
orx-basic,24,2e16,142585
orx-basic,24,2e20,168413
orx-basic,28,2e16,141063
orx-basic,28,2e20,166214
orx-basic,32,2e16,223011
orx-basic,32,2e20,248621
orx-rayon,4,2e16,197766
orx-rayon,4,2e20,175371
orx-rayon,8,2e16,292124
orx-rayon,8,2e20,262749
orx-rayon,16,2e16,691851
orx-rayon,16,2e20,663084
orx-rayon,20,2e16,468436
orx-rayon,20,2e20,529329
orx-rayon,24,2e16,550373
orx-rayon,24,2e20,559322
orx-rayon,28,2e16,512713
orx-rayon,28,2e20,592447
orx-rayon,32,2e16,980900
orx-rayon,32,2e20,591738
rayon,4,2e16,215234
rayon,4,2e20,177874
rayon,8,2e16,403263
rayon,8,2e20,390037
rayon,16,2e16,494483
rayon,16,2e20,441601
rayon,20,2e16,774992
rayon,20,2e20,760503
rayon,24,2e16,665668
rayon,24,2e20,607733
rayon,28,2e16,1091099
rayon,28,2e20,1089517
rayon,32,2e16,1275361
rayon,32,2e20,1232795
