method,num_threads,n,het-lvl,time (ns)
seq,4,2e10,0.001,5168284
seq,4,2e10,0.011,5320968
seq,4,2e10,0.101,6190097
seq,4,2e10,0.201,6822447
seq,4,2e12,0.001,87960887
seq,4,2e12,0.011,91550193
seq,4,2e12,0.101,95883820
seq,4,2e12,0.201,102469400
seq,4,2e14,0.001,1616799506
seq,4,2e14,0.011,1655578341
seq,4,2e14,0.101,1662668784
seq,4,2e14,0.201,1676596636
seq,8,2e10,0.001,5783328
seq,8,2e10,0.011,5961675
seq,8,2e10,0.101,6749065
seq,8,2e10,0.201,7524274
seq,8,2e12,0.001,98129213
seq,8,2e12,0.011,101982094
seq,8,2e12,0.101,105251261
seq,8,2e12,0.201,109242593
seq,8,2e14,0.001,1660610916
seq,8,2e14,0.011,1701059833
seq,8,2e14,0.101,1689655413
seq,8,2e14,0.201,1724275366
seq,16,2e10,0.001,5836499
seq,16,2e10,0.011,6124469
seq,16,2e10,0.101,6841886
seq,16,2e10,0.201,7603012
seq,16,2e12,0.001,99785861
seq,16,2e12,0.011,102458352
seq,16,2e12,0.101,105551496
seq,16,2e12,0.201,110103091
seq,16,2e14,0.001,1664428893
seq,16,2e14,0.011,1714523725
seq,16,2e14,0.101,1747525680
seq,16,2e14,0.201,1708625063
seq,20,2e10,0.001,5849087
seq,20,2e10,0.011,6054788
seq,20,2e10,0.101,6812462
seq,20,2e10,0.201,7643089
seq,20,2e12,0.001,100697303
seq,20,2e12,0.011,101108629
seq,20,2e12,0.101,108620324
seq,20,2e12,0.201,109581855
seq,20,2e14,0.001,1670351848
seq,20,2e14,0.011,1693189797
seq,20,2e14,0.101,1685441582
seq,20,2e14,0.201,1704329882
seq,24,2e10,0.001,5857182
seq,24,2e10,0.011,5981303
seq,24,2e10,0.101,6892029
seq,24,2e10,0.201,7709149
seq,24,2e12,0.001,100228585
seq,24,2e12,0.011,101175305
seq,24,2e12,0.101,105780330
seq,24,2e12,0.201,109653390
seq,24,2e14,0.001,1665393214
seq,24,2e14,0.011,1750249834
seq,24,2e14,0.101,1763092715
seq,24,2e14,0.201,1696552955
seq,28,2e10,0.001,5821417
seq,28,2e10,0.011,6094942
seq,28,2e10,0.101,6824697
seq,28,2e10,0.201,7837869
seq,28,2e12,0.001,100464742
seq,28,2e12,0.011,104283432
seq,28,2e12,0.101,108425925
seq,28,2e12,0.201,117103344
seq,28,2e14,0.001,1673509750
seq,28,2e14,0.011,1691708719
seq,28,2e14,0.101,1678947172
seq,28,2e14,0.201,1736582703
seq,32,2e10,0.001,5948314
seq,32,2e10,0.011,6080184
seq,32,2e10,0.101,6819231
seq,32,2e10,0.201,7657166
seq,32,2e12,0.001,99660383
seq,32,2e12,0.011,101817636
seq,32,2e12,0.101,106033809
seq,32,2e12,0.201,110647805
seq,32,2e14,0.001,1661750635
seq,32,2e14,0.011,1700552610
seq,32,2e14,0.101,1697358356
seq,32,2e14,0.201,1702374100
orx-once,4,2e10,0.001,1980262
orx-once,4,2e10,0.011,2023763
orx-once,4,2e10,0.101,2347506
orx-once,4,2e10,0.201,2462550
orx-once,4,2e12,0.001,29419478
orx-once,4,2e12,0.011,30885912
orx-once,4,2e12,0.101,34450565
orx-once,4,2e12,0.201,35989407
orx-once,4,2e14,0.001,557120368
orx-once,4,2e14,0.011,587925065
orx-once,4,2e14,0.101,628465455
orx-once,4,2e14,0.201,665354395
orx-once,8,2e10,0.001,1628846
orx-once,8,2e10,0.011,1573725
orx-once,8,2e10,0.101,1680501
orx-once,8,2e10,0.201,1875022
orx-once,8,2e12,0.001,20475207
orx-once,8,2e12,0.011,22019766
orx-once,8,2e12,0.101,24449826
orx-once,8,2e12,0.201,26702660
orx-once,8,2e14,0.001,413923487
orx-once,8,2e14,0.011,456115882
orx-once,8,2e14,0.101,449472636
orx-once,8,2e14,0.201,463277815
orx-once,16,2e10,0.001,1905266
orx-once,16,2e10,0.011,1703708
orx-once,16,2e10,0.101,1893103
orx-once,16,2e10,0.201,2023655
orx-once,16,2e12,0.001,16321154
orx-once,16,2e12,0.011,16140990
orx-once,16,2e12,0.101,17781750
orx-once,16,2e12,0.201,19129922
orx-once,16,2e14,0.001,351934139
orx-once,16,2e14,0.011,413022211
orx-once,16,2e14,0.101,440484482
orx-once,16,2e14,0.201,430463549
orx-once,20,2e10,0.001,2181259
orx-once,20,2e10,0.011,2095214
orx-once,20,2e10,0.101,2188981
orx-once,20,2e10,0.201,2289913
orx-once,20,2e12,0.001,14837006
orx-once,20,2e12,0.011,15406471
orx-once,20,2e12,0.101,17561168
orx-once,20,2e12,0.201,19730141
orx-once,20,2e14,0.001,372869317
orx-once,20,2e14,0.011,425281395
orx-once,20,2e14,0.101,447887191
orx-once,20,2e14,0.201,450795470
orx-once,24,2e10,0.001,2557973
orx-once,24,2e10,0.011,2438287
orx-once,24,2e10,0.101,2631049
orx-once,24,2e10,0.201,2641568
orx-once,24,2e12,0.001,13956667
orx-once,24,2e12,0.011,15939127
orx-once,24,2e12,0.101,18221418
orx-once,24,2e12,0.201,21387824
orx-once,24,2e14,0.001,376761698
orx-once,24,2e14,0.011,410563735
orx-once,24,2e14,0.101,525842083
orx-once,24,2e14,0.201,530094001
orx-once,28,2e10,0.001,2806818
orx-once,28,2e10,0.011,2843463
orx-once,28,2e10,0.101,3069215
orx-once,28,2e10,0.201,3092260
orx-once,28,2e12,0.001,15029145
orx-once,28,2e12,0.011,16949306
orx-once,28,2e12,0.101,19825109
orx-once,28,2e12,0.201,22946146
orx-once,28,2e14,0.001,430279378
orx-once,28,2e14,0.011,487719337
orx-once,28,2e14,0.101,491728366
orx-once,28,2e14,0.201,488367189
orx-once,32,2e10,0.001,3172375
orx-once,32,2e10,0.011,3068069
orx-once,32,2e10,0.101,3124910
orx-once,32,2e10,0.201,3250152
orx-once,32,2e12,0.001,15501768
orx-once,32,2e12,0.011,17558641
orx-once,32,2e12,0.101,21214051
orx-once,32,2e12,0.201,25082321
orx-once,32,2e14,0.001,421476396
orx-once,32,2e14,0.011,469289850
orx-once,32,2e14,0.101,485333911
orx-once,32,2e14,0.201,535505870
orx-basic,4,2e10,0.001,2375196
orx-basic,4,2e10,0.011,2444769
orx-basic,4,2e10,0.101,2733856
orx-basic,4,2e10,0.201,3116245
orx-basic,4,2e12,0.001,37548819
orx-basic,4,2e12,0.011,39575046
orx-basic,4,2e12,0.101,41371539
orx-basic,4,2e12,0.201,43766000
orx-basic,4,2e14,0.001,671938959
orx-basic,4,2e14,0.011,711060539
orx-basic,4,2e14,0.101,741699848
orx-basic,4,2e14,0.201,675455393
orx-basic,8,2e10,0.001,1618985
orx-basic,8,2e10,0.011,1555240
orx-basic,8,2e10,0.101,1705721
orx-basic,8,2e10,0.201,1869269
orx-basic,8,2e12,0.001,20821559
orx-basic,8,2e12,0.011,23160446
orx-basic,8,2e12,0.101,25677890
orx-basic,8,2e12,0.201,27643442
orx-basic,8,2e14,0.001,460310552
orx-basic,8,2e14,0.011,503354294
orx-basic,8,2e14,0.101,508915081
orx-basic,8,2e14,0.201,509885035
orx-basic,16,2e10,0.001,1553693
orx-basic,16,2e10,0.011,1437199
orx-basic,16,2e10,0.101,1628145
orx-basic,16,2e10,0.201,1615199
orx-basic,16,2e12,0.001,15429417
orx-basic,16,2e12,0.011,17017723
orx-basic,16,2e12,0.101,18894898
orx-basic,16,2e12,0.201,20791715
orx-basic,16,2e14,0.001,392297369
orx-basic,16,2e14,0.011,472001835
orx-basic,16,2e14,0.101,487374402
orx-basic,16,2e14,0.201,484111586
orx-basic,20,2e10,0.001,1568470
orx-basic,20,2e10,0.011,1483053
orx-basic,20,2e10,0.101,1501647
orx-basic,20,2e10,0.201,1659173
orx-basic,20,2e12,0.001,14491412
orx-basic,20,2e12,0.011,14609759
orx-basic,20,2e12,0.101,17039881
orx-basic,20,2e12,0.201,18802476
orx-basic,20,2e14,0.001,396326889
orx-basic,20,2e14,0.011,458942659
orx-basic,20,2e14,0.101,473327785
orx-basic,20,2e14,0.201,645791619
orx-basic,24,2e10,0.001,1557943
orx-basic,24,2e10,0.011,1440745
orx-basic,24,2e10,0.101,1499282
orx-basic,24,2e10,0.201,1602140
orx-basic,24,2e12,0.001,13382685
orx-basic,24,2e12,0.011,16942203
orx-basic,24,2e12,0.101,21052892
orx-basic,24,2e12,0.201,22360805
orx-basic,24,2e14,0.001,430334917
orx-basic,24,2e14,0.011,458190075
orx-basic,24,2e14,0.101,496462389
orx-basic,24,2e14,0.201,483504426
orx-basic,28,2e10,0.001,1500321
orx-basic,28,2e10,0.011,1375646
orx-basic,28,2e10,0.101,1413509
orx-basic,28,2e10,0.201,1464959
orx-basic,28,2e12,0.001,11611436
orx-basic,28,2e12,0.011,12177627
orx-basic,28,2e12,0.101,15521803
orx-basic,28,2e12,0.201,17019178
orx-basic,28,2e14,0.001,397646367
orx-basic,28,2e14,0.011,442646255
orx-basic,28,2e14,0.101,475601355
orx-basic,28,2e14,0.201,489996769
orx-basic,32,2e10,0.001,1438059
orx-basic,32,2e10,0.011,1323852
orx-basic,32,2e10,0.101,1336913
orx-basic,32,2e10,0.201,1479334
orx-basic,32,2e12,0.001,10815765
orx-basic,32,2e12,0.011,12532168
orx-basic,32,2e12,0.101,14940322
orx-basic,32,2e12,0.201,17085447
orx-basic,32,2e14,0.001,399130041
orx-basic,32,2e14,0.011,462064048
orx-basic,32,2e14,0.101,459617589
orx-basic,32,2e14,0.201,478357872
orx-rayon,4,2e10,0.001,2301610
orx-rayon,4,2e10,0.011,2436931
orx-rayon,4,2e10,0.101,2664913
orx-rayon,4,2e10,0.201,3038871
orx-rayon,4,2e12,0.001,39455268
orx-rayon,4,2e12,0.011,39977599
orx-rayon,4,2e12,0.101,41328538
orx-rayon,4,2e12,0.201,43280352
orx-rayon,4,2e14,0.001,689877689
orx-rayon,4,2e14,0.011,658911157
orx-rayon,4,2e14,0.101,657988448
orx-rayon,4,2e14,0.201,686200162
orx-rayon,8,2e10,0.001,1673289
orx-rayon,8,2e10,0.011,1626766
orx-rayon,8,2e10,0.101,1736719
orx-rayon,8,2e10,0.201,1908273
orx-rayon,8,2e12,0.001,20882432
orx-rayon,8,2e12,0.011,23170194
orx-rayon,8,2e12,0.101,25338389
orx-rayon,8,2e12,0.201,27161628
orx-rayon,8,2e14,0.001,445774048
orx-rayon,8,2e14,0.011,478388164
orx-rayon,8,2e14,0.101,484514614
orx-rayon,8,2e14,0.201,507629044
orx-rayon,16,2e10,0.001,1883434
orx-rayon,16,2e10,0.011,1920478
orx-rayon,16,2e10,0.101,1936635
orx-rayon,16,2e10,0.201,2063845
orx-rayon,16,2e12,0.001,15598272
orx-rayon,16,2e12,0.011,17186681
orx-rayon,16,2e12,0.101,19620293
orx-rayon,16,2e12,0.201,21810273
orx-rayon,16,2e14,0.001,391782188
orx-rayon,16,2e14,0.011,447926864
orx-rayon,16,2e14,0.101,461390878
orx-rayon,16,2e14,0.201,463428543
orx-rayon,20,2e10,0.001,2035080
orx-rayon,20,2e10,0.011,2253856
orx-rayon,20,2e10,0.101,2093912
orx-rayon,20,2e10,0.201,2237741
orx-rayon,20,2e12,0.001,14975918
orx-rayon,20,2e12,0.011,15446588
orx-rayon,20,2e12,0.101,17665989
orx-rayon,20,2e12,0.201,20438623
orx-rayon,20,2e14,0.001,390014836
orx-rayon,20,2e14,0.011,554043000
orx-rayon,20,2e14,0.101,543240802
orx-rayon,20,2e14,0.201,469322167
orx-rayon,24,2e10,0.001,2164272
orx-rayon,24,2e10,0.011,2173959
orx-rayon,24,2e10,0.101,2295374
orx-rayon,24,2e10,0.201,2374475
orx-rayon,24,2e12,0.001,13949181
orx-rayon,24,2e12,0.011,14036309
orx-rayon,24,2e12,0.101,16567733
orx-rayon,24,2e12,0.201,18286793
orx-rayon,24,2e14,0.001,434108158
orx-rayon,24,2e14,0.011,445873847
orx-rayon,24,2e14,0.101,491425964
orx-rayon,24,2e14,0.201,475810947
orx-rayon,28,2e10,0.001,2404734
orx-rayon,28,2e10,0.011,2396057
orx-rayon,28,2e10,0.101,2474563
orx-rayon,28,2e10,0.201,2672673
orx-rayon,28,2e12,0.001,13226248
orx-rayon,28,2e12,0.011,15214588
orx-rayon,28,2e12,0.101,16558065
orx-rayon,28,2e12,0.201,18752677
orx-rayon,28,2e14,0.001,386661349
orx-rayon,28,2e14,0.011,430658267
orx-rayon,28,2e14,0.101,500103992
orx-rayon,28,2e14,0.201,456551585
orx-rayon,32,2e10,0.001,2579324
orx-rayon,32,2e10,0.011,2616405
orx-rayon,32,2e10,0.101,2880359
orx-rayon,32,2e10,0.201,2901842
orx-rayon,32,2e12,0.001,12215541
orx-rayon,32,2e12,0.011,14971565
orx-rayon,32,2e12,0.101,17010090
orx-rayon,32,2e12,0.201,19285568
orx-rayon,32,2e14,0.001,378627774
orx-rayon,32,2e14,0.011,423226984
orx-rayon,32,2e14,0.101,495201818
orx-rayon,32,2e14,0.201,500633379
rayon,4,2e10,0.001,2147151
rayon,4,2e10,0.011,2233706
rayon,4,2e10,0.101,2689420
rayon,4,2e10,0.201,3033456
rayon,4,2e12,0.001,39718806
rayon,4,2e12,0.011,42491194
rayon,4,2e12,0.101,41916194
rayon,4,2e12,0.201,42592533
rayon,4,2e14,0.001,646347916
rayon,4,2e14,0.011,663529761
rayon,4,2e14,0.101,693835175
rayon,4,2e14,0.201,694851321
rayon,8,2e10,0.001,1531060
rayon,8,2e10,0.011,1649433
rayon,8,2e10,0.101,1980553
rayon,8,2e10,0.201,2048950
rayon,8,2e12,0.001,20699604
rayon,8,2e12,0.011,23333150
rayon,8,2e12,0.101,25700004
rayon,8,2e12,0.201,27589297
rayon,8,2e14,0.001,444034848
rayon,8,2e14,0.011,501157627
rayon,8,2e14,0.101,495133481
rayon,8,2e14,0.201,499478639
rayon,16,2e10,0.001,3548709
rayon,16,2e10,0.011,3328384
rayon,16,2e10,0.101,3339905
rayon,16,2e10,0.201,3206043
rayon,16,2e12,0.001,17230098
rayon,16,2e12,0.011,18993202
rayon,16,2e12,0.101,21225862
rayon,16,2e12,0.201,22786798
rayon,16,2e14,0.001,389961338
rayon,16,2e14,0.011,443100078
rayon,16,2e14,0.101,469026499
rayon,16,2e14,0.201,604053434
rayon,20,2e10,0.001,3774852
rayon,20,2e10,0.011,2309349
rayon,20,2e10,0.101,3158929
rayon,20,2e10,0.201,3200320
rayon,20,2e12,0.001,19029369
rayon,20,2e12,0.011,22613813
rayon,20,2e12,0.101,26748669
rayon,20,2e12,0.201,33704201
rayon,20,2e14,0.001,504341153
rayon,20,2e14,0.011,485357195
rayon,20,2e14,0.101,529476194
rayon,20,2e14,0.201,514923331
rayon,24,2e10,0.001,4834427
rayon,24,2e10,0.011,4384974
rayon,24,2e10,0.101,4525801
rayon,24,2e10,0.201,4409956
rayon,24,2e12,0.001,16391367
rayon,24,2e12,0.011,17197283
rayon,24,2e12,0.101,19879141
rayon,24,2e12,0.201,22577377
rayon,24,2e14,0.001,414130678
rayon,24,2e14,0.011,489060880
rayon,24,2e14,0.101,528408066
rayon,24,2e14,0.201,492791917
rayon,28,2e10,0.001,5830962
rayon,28,2e10,0.011,5739430
rayon,28,2e10,0.101,6096826
rayon,28,2e10,0.201,6319187
rayon,28,2e12,0.001,16522026
rayon,28,2e12,0.011,19109467
rayon,28,2e12,0.101,21826251
rayon,28,2e12,0.201,23899488
rayon,28,2e14,0.001,405573648
rayon,28,2e14,0.011,485130173
rayon,28,2e14,0.101,440198123
rayon,28,2e14,0.201,491307343
rayon,32,2e10,0.001,2845310
rayon,32,2e10,0.011,1464333
rayon,32,2e10,0.101,1727227
rayon,32,2e10,0.201,1503077
rayon,32,2e12,0.001,15694038
rayon,32,2e12,0.011,17617399
rayon,32,2e12,0.101,21186957
rayon,32,2e12,0.201,28272755
rayon,32,2e14,0.001,457985016
rayon,32,2e14,0.011,498935083
rayon,32,2e14,0.101,487918648
rayon,32,2e14,0.201,498842968
