method,num_threads,size,time (ns)
seq,4,small-10k,3435356
seq,4,medium-100k,33217201
seq,8,small-10k,3331295
seq,8,medium-100k,30406029
seq,16,small-10k,2954445
seq,16,medium-100k,30667340
seq,20,small-10k,2904431
seq,20,medium-100k,29057342
seq,24,small-10k,2714880
seq,24,medium-100k,28926255
seq,28,small-10k,2707157
seq,28,medium-100k,28516161
seq,32,small-10k,2806100
seq,32,medium-100k,29023470
orx-once,4,small-10k,4649632
orx-once,4,medium-100k,47864929
orx-once,8,small-10k,6772881
orx-once,8,medium-100k,68895228
orx-once,16,small-10k,11890074
orx-once,16,medium-100k,179580037
orx-once,20,small-10k,11838266
orx-once,20,medium-100k,132929198
orx-once,24,small-10k,15761856
orx-once,24,medium-100k,146200720
orx-once,28,small-10k,16037046
orx-once,28,medium-100k,268899300
orx-once,32,small-10k,13979475
orx-once,32,medium-100k,260687288
orx-basic,4,small-10k,8332991
orx-basic,4,medium-100k,84631723
orx-basic,8,small-10k,3013675
orx-basic,8,medium-100k,31327041
orx-basic,16,small-10k,3380496
orx-basic,16,medium-100k,36847420
orx-basic,20,small-10k,3789444
orx-basic,20,medium-100k,18184053
orx-basic,24,small-10k,2904105
orx-basic,24,medium-100k,27022869
orx-basic,28,small-10k,2486606
orx-basic,28,medium-100k,10383734
orx-basic,32,small-10k,2196669
orx-basic,32,medium-100k,10186968
orx-rayon,4,small-10k,7328122
orx-rayon,4,medium-100k,77581246
orx-rayon,8,small-10k,9895116
orx-rayon,8,medium-100k,123777122
orx-rayon,16,small-10k,2933471
orx-rayon,16,medium-100k,16121568
orx-rayon,20,small-10k,4817425
orx-rayon,20,medium-100k,22474661
orx-rayon,24,small-10k,4753900
orx-rayon,24,medium-100k,8636964
orx-rayon,28,small-10k,3371792
orx-rayon,28,medium-100k,10586571
orx-rayon,32,small-10k,4981563
orx-rayon,32,medium-100k,16439329
rayon,4,small-10k,7786793
rayon,4,medium-100k,87481218
rayon,8,small-10k,10699647
rayon,8,medium-100k,130095483
rayon,16,small-10k,17051824
rayon,16,medium-100k,194369830
rayon,20,small-10k,19124560
rayon,20,medium-100k,215827652
rayon,24,small-10k,22627863
rayon,24,medium-100k,236720960
rayon,28,small-10k,22894970
rayon,28,medium-100k,258478236
rayon,32,small-10k,27997749
rayon,32,medium-100k,260799318
