method,num_threads,n,dist,time (ns)
seq,4,2e16,uniform,5249732
seq,4,2e16,skewed,5270372
seq,4,2e20,uniform,82487709
seq,4,2e20,skewed,83580014
seq,8,2e16,uniform,7411233
seq,8,2e16,skewed,4922943
seq,8,2e20,uniform,80946425
seq,8,2e20,skewed,83751936
seq,16,2e16,uniform,4906452
seq,16,2e16,skewed,4935861
seq,16,2e20,uniform,81685103
seq,16,2e20,skewed,85029630
seq,20,2e16,uniform,7836347
seq,20,2e16,skewed,5147130
seq,20,2e20,uniform,81734407
seq,20,2e20,skewed,87604308
seq,24,2e16,uniform,7756631
seq,24,2e16,skewed,4994794
seq,24,2e20,uniform,83095058
seq,24,2e20,skewed,85685712
seq,28,2e16,uniform,4981943
seq,28,2e16,skewed,5013526
seq,28,2e20,uniform,84209516
seq,28,2e20,skewed,87357819
seq,32,2e16,uniform,7309724
seq,32,2e16,skewed,5000965
seq,32,2e20,uniform,84912553
seq,32,2e20,skewed,87277006
orx-once,4,2e16,uniform,1686500
orx-once,4,2e16,skewed,1656207
orx-once,4,2e20,uniform,26469475
orx-once,4,2e20,skewed,27081632
orx-once,8,2e16,uniform,1396401
orx-once,8,2e16,skewed,1316180
orx-once,8,2e20,uniform,13659903
orx-once,8,2e20,skewed,14570984
orx-once,16,2e16,uniform,1586306
orx-once,16,2e16,skewed,1463953
orx-once,16,2e20,uniform,7770223
orx-once,16,2e20,skewed,8299764
orx-once,20,2e16,uniform,1805559
orx-once,20,2e16,skewed,1701511
orx-once,20,2e20,uniform,6610794
orx-once,20,2e20,skewed,7122964
orx-once,24,2e16,uniform,1453424
orx-once,24,2e16,skewed,1373312
orx-once,24,2e20,uniform,6049129
orx-once,24,2e20,skewed,6419048
orx-once,28,2e16,uniform,1514703
orx-once,28,2e16,skewed,1556148
orx-once,28,2e20,uniform,5753962
orx-once,28,2e20,skewed,6140245
orx-once,32,2e16,uniform,1700237
orx-once,32,2e16,skewed,1663687
orx-once,32,2e20,uniform,6082352
orx-once,32,2e20,skewed,6506564
orx-basic,4,2e16,uniform,1549984
orx-basic,4,2e16,skewed,1525958
orx-basic,4,2e20,uniform,23319755
orx-basic,4,2e20,skewed,24552394
orx-basic,8,2e16,uniform,1281102
orx-basic,8,2e16,skewed,1167405
orx-basic,8,2e20,uniform,13426523
orx-basic,8,2e20,skewed,14722764
orx-basic,16,2e16,uniform,864040
orx-basic,16,2e16,skewed,722421
orx-basic,16,2e20,uniform,7584514
orx-basic,16,2e20,skewed,8100138
orx-basic,20,2e16,uniform,1106525
orx-basic,20,2e16,skewed,893997
orx-basic,20,2e20,uniform,6008853
orx-basic,20,2e20,skewed,6443524
orx-basic,24,2e16,uniform,898292
orx-basic,24,2e16,skewed,776785
orx-basic,24,2e20,uniform,5276374
orx-basic,24,2e20,skewed,5619381
orx-basic,28,2e16,uniform,1118242
orx-basic,28,2e16,skewed,989629
orx-basic,28,2e20,uniform,5299503
orx-basic,28,2e20,skewed,5393054
orx-basic,32,2e16,uniform,937114
orx-basic,32,2e16,skewed,793313
orx-basic,32,2e20,uniform,4981359
orx-basic,32,2e20,skewed,5260778
orx-rayon,4,2e16,uniform,1561651
orx-rayon,4,2e16,skewed,1527818
orx-rayon,4,2e20,uniform,23886295
orx-rayon,4,2e20,skewed,25040750
orx-rayon,8,2e16,uniform,1325270
orx-rayon,8,2e16,skewed,1288950
orx-rayon,8,2e20,uniform,13197714
orx-rayon,8,2e20,skewed,13716553
orx-rayon,16,2e16,uniform,1434862
orx-rayon,16,2e16,skewed,942640
orx-rayon,16,2e20,uniform,7492545
orx-rayon,16,2e20,skewed,7872493
orx-rayon,20,2e16,uniform,1688340
orx-rayon,20,2e16,skewed,1393736
orx-rayon,20,2e20,uniform,6292829
orx-rayon,20,2e20,skewed,7361526
orx-rayon,24,2e16,uniform,1798232
orx-rayon,24,2e16,skewed,1461927
orx-rayon,24,2e20,uniform,5598587
orx-rayon,24,2e20,skewed,5972102
orx-rayon,28,2e16,uniform,1361253
orx-rayon,28,2e16,skewed,1298544
orx-rayon,28,2e20,uniform,5436161
orx-rayon,28,2e20,skewed,5844514
orx-rayon,32,2e16,uniform,1935714
orx-rayon,32,2e16,skewed,1405184
orx-rayon,32,2e20,uniform,5615379
orx-rayon,32,2e20,skewed,5927169
rayon,4,2e16,uniform,2079666
rayon,4,2e16,skewed,1864553
rayon,4,2e20,uniform,23656260
rayon,4,2e20,skewed,24770645
rayon,8,2e16,uniform,2325424
rayon,8,2e16,skewed,2076193
rayon,8,2e20,uniform,14985943
rayon,8,2e20,skewed,15423452
rayon,16,2e16,uniform,4800411
rayon,16,2e16,skewed,3237036
rayon,16,2e20,uniform,12382538
rayon,16,2e20,skewed,12864376
rayon,20,2e16,uniform,6086434
rayon,20,2e16,skewed,4059526
rayon,20,2e20,uniform,12470336
rayon,20,2e20,skewed,12588464
rayon,24,2e16,uniform,6131503
rayon,24,2e16,skewed,4252224
rayon,24,2e20,uniform,12856499
rayon,24,2e20,skewed,12900413
rayon,28,2e16,uniform,7788671
rayon,28,2e16,skewed,5363458
rayon,28,2e20,uniform,13676771
rayon,28,2e20,skewed,13923705
rayon,32,2e16,uniform,8499478
rayon,32,2e16,skewed,6841070
rayon,32,2e20,uniform,20001504
rayon,32,2e20,skewed,20264872
